id,split
sgfr-000446,train
sgfr-005451,train
sgfr-003678,train
sgfr-005420,train
sgfr-005253,train
sgfr-003941,train
sgfr-005039,train
sgfr-003100,train
sgfr-001207,train
sgfr-002180,train
sgfr-003158,train
sgfr-005273,train
sgfr-005045,train
sgfr-001916,train
sgfr-001869,train
sgfr-000304,train
sgfr-004653,train
sgfr-001071,train
sgfr-001879,train
sgfr-004740,train
sgfr-005309,train
sgfr-002017,train
sgfr-000672,train
sgfr-005282,train
sgfr-004467,train
sgfr-005132,train
sgfr-002696,train
sgfr-004548,train
sgfr-000355,train
sgfr-000546,train
sgfr-004074,train
sgfr-003855,train
sgfr-005345,train
sgfr-000512,train
sgfr-002937,train
sgfr-001209,train
sgfr-002005,train
sgfr-003660,train
sgfr-002793,train
sgfr-001260,train
sgfr-002252,train
sgfr-005323,train
sgfr-004174,train
sgfr-003514,train
sgfr-005283,train
sgfr-000257,train
sgfr-000607,train
sgfr-000516,train
sgfr-002242,train
sgfr-002451,train
sgfr-003768,train
sgfr-002342,train
sgfr-000746,train
sgfr-000729,train
sgfr-002394,train
sgfr-003425,train
sgfr-005238,train
sgfr-001104,train
sgfr-001619,train
sgfr-003767,train
sgfr-000580,train
sgfr-000417,train
sgfr-003413,train
sgfr-000777,train
sgfr-005341,train
sgfr-003788,train
sgfr-001478,train
sgfr-003773,train
sgfr-003373,train
sgfr-003893,train
sgfr-004477,train
sgfr-004850,train
sgfr-001789,train
sgfr-004170,train
sgfr-002454,train
sgfr-005244,train
sgfr-000572,train
sgfr-001711,train
sgfr-000362,train
sgfr-000020,train
sgfr-004858,train
sgfr-003341,train
sgfr-003563,train
sgfr-003638,train
sgfr-000757,train
sgfr-001915,train
sgfr-000884,train
sgfr-000491,train
sgfr-000198,train
sgfr-004023,train
sgfr-000404,train
sgfr-000358,train
sgfr-002840,train
sgfr-005298,train
sgfr-000765,train
sgfr-000571,train
sgfr-001409,train
sgfr-004062,train
sgfr-000861,train
sgfr-001644,train
sgfr-004189,train
sgfr-001716,train
sgfr-003432,train
sgfr-003173,train
sgfr-003838,train
sgfr-002196,train
sgfr-002190,train
sgfr-000939,train
sgfr-002791,train
sgfr-004444,train
sgfr-001426,train
sgfr-002010,train
sgfr-000042,train
sgfr-001118,train
sgfr-003374,train
sgfr-003810,train
sgfr-002669,train
sgfr-001965,train
sgfr-002826,train
sgfr-003518,train
sgfr-003521,train
sgfr-000336,train
sgfr-001108,train
sgfr-003453,train
sgfr-001182,train
sgfr-003631,train
sgfr-002023,train
sgfr-001707,train
sgfr-005474,train
sgfr-002978,train
sgfr-001798,train
sgfr-004941,train
sgfr-000550,train
sgfr-001120,train
sgfr-003452,train
sgfr-005403,train
sgfr-004989,train
sgfr-002747,train
sgfr-004603,train
sgfr-004787,train
sgfr-001179,train
sgfr-000736,train
sgfr-005427,train
sgfr-001579,train
sgfr-001882,train
sgfr-000984,train
sgfr-004969,train
sgfr-000494,train
sgfr-000569,train
sgfr-003032,train
sgfr-002498,train
sgfr-000567,train
sgfr-001279,train
sgfr-000540,train
sgfr-002661,train
sgfr-001740,train
sgfr-000796,train
sgfr-004597,train
sgfr-001709,train
sgfr-000409,train
sgfr-004436,train
sgfr-004218,train
sgfr-002708,train
sgfr-004708,train
sgfr-002739,train
sgfr-000838,train
sgfr-003627,train
sgfr-005308,train
sgfr-005119,train
sgfr-003670,train
sgfr-002694,train
sgfr-001544,train
sgfr-000945,train
sgfr-000117,train
sgfr-005251,train
sgfr-001850,train
sgfr-001766,train
sgfr-001795,train
sgfr-004418,train
sgfr-000730,train
sgfr-001298,train
sgfr-000589,train
sgfr-001089,train
sgfr-001731,train
sgfr-002417,train
sgfr-003891,train
sgfr-000980,train
sgfr-003276,train
sgfr-000035,train
sgfr-000302,train
sgfr-001881,train
sgfr-004019,train
sgfr-002077,train
sgfr-000711,train
sgfr-003227,train
sgfr-003130,train
sgfr-000738,train
sgfr-002930,train
sgfr-002731,train
sgfr-001654,train
sgfr-000766,train
sgfr-003290,train
sgfr-001937,train
sgfr-004406,train
sgfr-003519,train
sgfr-004452,train
sgfr-004091,train
sgfr-001025,train
sgfr-005373,train
sgfr-002652,train
sgfr-004786,train
sgfr-001563,train
sgfr-004486,train
sgfr-001032,train
sgfr-001040,train
sgfr-001577,train
sgfr-005409,train
sgfr-001682,train
sgfr-002806,train
sgfr-004851,train
sgfr-005258,train
sgfr-001935,train
sgfr-003831,train
sgfr-004919,train
sgfr-002852,train
sgfr-000148,train
sgfr-000120,train
sgfr-004832,train
sgfr-004190,train
sgfr-002021,train
sgfr-003506,train
sgfr-005134,train
sgfr-003289,train
sgfr-000327,train
sgfr-002445,train
sgfr-002714,train
sgfr-005159,train
sgfr-003277,train
sgfr-002390,train
sgfr-002697,train
sgfr-000191,train
sgfr-002677,train
sgfr-003804,train
sgfr-005479,train
sgfr-002244,train
sgfr-003634,train
sgfr-004302,train
sgfr-003430,train
sgfr-002486,train
sgfr-002494,train
sgfr-000197,train
sgfr-002794,train
sgfr-003985,train
sgfr-003068,train
sgfr-000957,train
sgfr-004582,train
sgfr-003954,train
sgfr-001139,train
sgfr-001564,train
sgfr-002402,train
sgfr-004911,train
sgfr-003302,train
sgfr-004687,train
sgfr-003235,train
sgfr-001980,train
sgfr-003619,train
sgfr-005465,train
sgfr-004562,train
sgfr-000268,train
sgfr-000233,train
sgfr-000482,train
sgfr-005083,train
sgfr-003618,train
sgfr-004160,train
sgfr-003947,train
sgfr-000586,train
sgfr-001556,train
sgfr-005332,train
sgfr-001851,train
sgfr-004943,train
sgfr-001666,train
sgfr-002734,train
sgfr-003072,train
sgfr-005302,train
sgfr-002778,train
sgfr-000644,train
sgfr-003170,train
sgfr-001887,train
sgfr-005516,train
sgfr-001686,train
sgfr-002938,train
sgfr-002775,train
sgfr-001909,train
sgfr-001083,train
sgfr-004049,train
sgfr-000450,train
sgfr-004139,train
sgfr-002990,train
sgfr-000440,train
sgfr-001843,train
sgfr-004684,train
sgfr-002981,train
sgfr-005432,train
sgfr-001020,train
sgfr-002897,train
sgfr-000907,train
sgfr-005297,train
sgfr-001718,train
sgfr-002872,train
sgfr-000760,train
sgfr-005040,train
sgfr-003599,train
sgfr-000909,train
sgfr-003929,train
sgfr-004254,train
sgfr-002561,train
sgfr-004044,train
sgfr-000423,train
sgfr-003326,train
sgfr-003189,train
sgfr-001715,train
sgfr-000920,train
sgfr-002967,train
sgfr-001451,train
sgfr-001169,train
sgfr-004835,train
sgfr-004136,train
sgfr-002854,train
sgfr-001397,train
sgfr-001558,train
sgfr-002855,train
sgfr-002376,train
sgfr-000437,train
sgfr-000432,train
sgfr-000671,train
sgfr-004595,train
sgfr-001695,train
sgfr-005566,train
sgfr-001827,train
sgfr-004338,train
sgfr-005071,train
sgfr-000553,train
sgfr-005371,train
sgfr-003912,train
sgfr-001439,train
sgfr-004394,train
sgfr-004423,train
sgfr-001893,train
sgfr-000856,train
sgfr-001007,train
sgfr-001895,train
sgfr-004301,train
sgfr-001354,train
sgfr-002025,train
sgfr-002922,train
sgfr-002659,train
sgfr-003759,train
sgfr-004172,train
sgfr-003800,train
sgfr-001338,train
sgfr-001313,train
sgfr-003112,train
sgfr-001751,train
sgfr-000739,train
sgfr-003533,train
sgfr-003206,train
sgfr-003052,train
sgfr-002901,train
sgfr-003837,train
sgfr-000910,train
sgfr-002053,train
sgfr-005507,train
sgfr-000929,train
sgfr-003795,train
sgfr-004567,train
sgfr-000474,train
sgfr-004127,train
sgfr-001295,train
sgfr-000664,train
sgfr-001613,train
sgfr-001009,train
sgfr-000735,train
sgfr-002461,train
sgfr-004777,train
sgfr-000749,train
sgfr-000696,train
sgfr-002550,train
sgfr-000345,train
sgfr-000925,train
sgfr-000312,train
sgfr-000263,train
sgfr-003872,train
sgfr-004157,train
sgfr-005080,train
sgfr-002117,train
sgfr-000082,train
sgfr-005277,train
sgfr-005512,train
sgfr-003853,train
sgfr-004265,train
sgfr-000455,train
sgfr-004027,train
sgfr-001669,train
sgfr-001349,train
sgfr-004892,train
sgfr-002127,train
sgfr-002940,train
sgfr-002336,train
sgfr-004035,train
sgfr-000244,train
sgfr-001172,train
sgfr-000085,train
sgfr-002355,train
sgfr-000849,train
sgfr-005084,train
sgfr-003635,train
sgfr-002654,train
sgfr-004361,train
sgfr-004598,train
sgfr-004774,train
sgfr-001568,train
sgfr-000173,train
sgfr-004573,train
sgfr-002166,train
sgfr-003187,train
sgfr-003856,train
sgfr-001900,train
sgfr-004807,train
sgfr-002165,train
sgfr-000710,train
sgfr-003815,train
sgfr-000954,train
sgfr-004798,train
sgfr-004168,train
sgfr-000065,train
sgfr-003876,train
sgfr-005070,train
sgfr-000837,train
sgfr-000064,train
sgfr-000054,train
sgfr-005087,train
sgfr-003836,train
sgfr-000486,train
sgfr-002372,train
sgfr-002235,train
sgfr-000479,train
sgfr-001584,train
sgfr-003977,train
sgfr-005122,train
sgfr-004331,train
sgfr-004551,train
sgfr-002658,train
sgfr-002181,train
sgfr-002735,train
sgfr-004665,train
sgfr-001109,train
sgfr-003867,train
sgfr-003547,train
sgfr-000004,train
sgfr-000657,train
sgfr-003356,train
sgfr-000618,train
sgfr-000508,train
sgfr-000003,train
sgfr-003739,train
sgfr-003708,train
sgfr-001450,train
sgfr-004979,train
sgfr-001374,train
sgfr-000786,train
sgfr-000119,train
sgfr-004667,train
sgfr-004324,train
sgfr-001184,train
sgfr-000106,train
sgfr-005131,train
sgfr-000869,train
sgfr-004788,train
sgfr-004570,train
sgfr-002305,train
sgfr-004327,train
sgfr-001095,train
sgfr-004333,train
sgfr-004696,train
sgfr-004031,train
sgfr-000808,train
sgfr-002830,train
sgfr-001659,train
sgfr-002346,train
sgfr-001758,train
sgfr-004494,train
sgfr-002587,train
sgfr-003251,train
sgfr-004849,train
sgfr-004310,train
sgfr-002067,train
sgfr-000679,train
sgfr-000125,train
sgfr-005271,train
sgfr-002651,train
sgfr-000314,train
sgfr-000928,train
sgfr-001141,train
sgfr-002676,train
sgfr-001074,train
sgfr-002903,train
sgfr-001189,train
sgfr-002279,train
sgfr-004142,train
sgfr-005240,train
sgfr-003917,train
sgfr-002987,train
sgfr-002499,train
sgfr-003829,train
sgfr-001852,train
sgfr-003841,train
sgfr-005426,train
sgfr-000418,train
sgfr-000353,train
sgfr-000826,train
sgfr-003493,train
sgfr-002415,train
sgfr-001160,train
sgfr-005183,train
sgfr-002240,train
sgfr-005329,train
sgfr-004056,train
sgfr-000000,train
sgfr-000547,train
sgfr-003292,train
sgfr-000989,train
sgfr-001940,train
sgfr-003874,train
sgfr-003077,train
sgfr-003749,train
sgfr-003778,train
sgfr-003269,train
sgfr-005358,train
sgfr-001588,train
sgfr-001377,train
sgfr-004565,train
sgfr-002357,train
sgfr-003764,train
sgfr-003967,train
sgfr-000266,train
sgfr-001361,train
sgfr-000793,train
sgfr-000937,train
sgfr-004951,train
sgfr-000690,train
sgfr-000879,train
sgfr-005528,train
sgfr-002846,train
sgfr-000596,train
sgfr-001178,train
sgfr-003171,train
sgfr-004905,train
sgfr-003050,train
sgfr-004457,train
sgfr-003194,train
sgfr-004731,train
sgfr-002089,train
sgfr-002817,train
sgfr-003525,train
sgfr-005295,train
sgfr-000174,train
sgfr-002098,train
sgfr-003234,train
sgfr-004855,train
sgfr-003015,train
sgfr-003045,train
sgfr-003434,train
sgfr-000199,train
sgfr-004462,train
sgfr-001846,train
sgfr-004901,train
sgfr-002692,train
sgfr-001567,train
sgfr-004291,train
sgfr-000291,train
sgfr-001332,train
sgfr-001175,train
sgfr-004712,train
sgfr-001594,train
sgfr-005139,train
sgfr-003971,train
sgfr-001760,train
sgfr-000990,train
sgfr-002727,train
sgfr-002207,train
sgfr-004513,train
sgfr-002452,train
sgfr-003185,train
sgfr-004709,train
sgfr-001417,train
sgfr-004119,train
sgfr-003274,train
sgfr-003133,train
sgfr-002047,train
sgfr-002906,train
sgfr-002530,train
sgfr-002123,train
sgfr-004208,train
sgfr-002782,train
sgfr-003363,train
sgfr-002887,train
sgfr-003702,train
sgfr-005254,train
sgfr-003418,train
sgfr-003745,train
sgfr-003003,train
sgfr-000726,train
sgfr-001948,train
sgfr-000013,train
sgfr-004431,train
sgfr-002542,train
sgfr-001528,train
sgfr-005559,train
sgfr-000761,train
sgfr-001014,train
sgfr-003357,train
sgfr-004131,train
sgfr-000426,train
sgfr-004460,train
sgfr-001724,train
sgfr-000574,train
sgfr-001021,train
sgfr-003288,train
sgfr-000374,train
sgfr-000908,train
sgfr-004820,train
sgfr-005081,train
sgfr-000595,train
sgfr-000592,train
sgfr-002448,train
sgfr-003236,train
sgfr-003789,train
sgfr-003115,train
sgfr-001886,train
sgfr-004258,train
sgfr-003734,train
sgfr-003070,train
sgfr-003400,train
sgfr-000033,train
sgfr-000240,train
sgfr-003548,train
sgfr-002134,train
sgfr-003393,train
sgfr-004870,train
sgfr-004737,train
sgfr-002444,train
sgfr-001017,train
sgfr-001990,train
sgfr-000310,train
sgfr-005547,train
sgfr-004101,train
sgfr-002465,train
sgfr-001448,train
sgfr-003256,train
sgfr-002057,train
sgfr-003654,train
sgfr-000056,train
sgfr-005462,train
sgfr-002368,train
sgfr-004072,train
sgfr-000250,train
sgfr-000342,train
sgfr-004203,train
sgfr-005150,train
sgfr-002648,train
sgfr-004147,train
sgfr-000165,train
sgfr-002042,train
sgfr-001154,train
sgfr-004096,train
sgfr-001291,train
sgfr-004906,train
sgfr-002586,train
sgfr-002576,train
sgfr-004536,train
sgfr-004822,train
sgfr-003791,train
sgfr-004553,train
sgfr-002210,train
sgfr-003162,train
sgfr-000049,train
sgfr-001914,train
sgfr-002063,train
sgfr-001599,train
sgfr-000051,train
sgfr-002450,train
sgfr-004817,train
sgfr-001004,train
sgfr-001239,train
sgfr-000675,train
sgfr-002839,train
sgfr-002892,train
sgfr-001150,train
sgfr-000185,train
sgfr-001765,train
sgfr-002476,train
sgfr-003729,train
sgfr-005570,train
sgfr-004752,train
sgfr-003305,train
sgfr-003174,train
sgfr-001822,train
sgfr-003085,train
sgfr-004323,train
sgfr-002414,train
sgfr-002270,train
sgfr-004897,train
sgfr-004983,train
sgfr-000074,train
sgfr-004002,train
sgfr-005116,train
sgfr-001836,train
sgfr-003405,train
sgfr-000287,train
sgfr-003088,train
sgfr-003994,train
sgfr-005339,train
sgfr-004329,train
sgfr-000753,train
sgfr-000293,train
sgfr-000340,train
sgfr-001772,train
sgfr-003314,train
sgfr-004834,train
sgfr-000497,train
sgfr-000956,train
sgfr-001320,train
sgfr-001054,train
sgfr-003564,train
sgfr-002770,train
sgfr-003058,train
sgfr-003648,train
sgfr-002143,train
sgfr-003809,train
sgfr-003925,train
sgfr-003896,train
sgfr-002024,train
sgfr-002162,train
sgfr-000685,train
sgfr-001342,train
sgfr-002884,train
sgfr-002506,train
sgfr-003904,train
sgfr-003030,train
sgfr-002825,train
sgfr-003575,train
sgfr-005165,train
sgfr-003257,train
sgfr-001862,train
sgfr-002889,train
sgfr-002373,train
sgfr-005015,train
sgfr-000132,train
sgfr-001461,train
sgfr-005549,train
sgfr-000460,train
sgfr-004274,train
sgfr-002154,train
sgfr-003655,train
sgfr-000091,train
sgfr-001013,train
sgfr-002754,train
sgfr-002304,train
sgfr-001905,train
sgfr-002768,train
sgfr-001755,train
sgfr-002321,train
sgfr-003320,train
sgfr-002073,train
sgfr-000565,train
sgfr-005180,train
sgfr-001547,train
sgfr-001371,train
sgfr-001119,train
sgfr-001674,train
sgfr-000114,train
sgfr-000149,train
sgfr-005013,train
sgfr-003018,train
sgfr-003552,train
sgfr-000321,train
sgfr-003509,train
sgfr-005255,train
sgfr-000557,train
sgfr-000369,train
sgfr-001966,train
sgfr-005026,train
sgfr-003608,train
sgfr-005011,train
sgfr-000964,train
sgfr-004402,train
sgfr-004236,train
sgfr-001962,train
sgfr-000248,train
sgfr-001880,train
sgfr-004677,train
sgfr-004771,train
sgfr-001783,train
sgfr-004399,train
sgfr-003361,train
sgfr-001348,train
sgfr-000633,train
sgfr-005543,train
sgfr-004732,train
sgfr-000916,train
sgfr-003812,train
sgfr-005414,train
sgfr-002819,train
sgfr-001977,train
sgfr-005521,train
sgfr-004515,train
sgfr-001832,train
sgfr-005085,train
sgfr-001781,train
sgfr-001589,train
sgfr-001788,train
sgfr-002554,train
sgfr-001778,train
sgfr-001663,train
sgfr-001688,train
sgfr-004022,train
sgfr-000510,train
sgfr-002579,train
sgfr-001312,train
sgfr-003398,train
sgfr-001823,train
sgfr-000274,train
sgfr-000094,train
sgfr-002957,train
sgfr-001633,train
sgfr-004812,train
sgfr-002065,train
sgfr-005148,train
sgfr-003928,train
sgfr-001137,train
sgfr-000384,train
sgfr-000687,train
sgfr-001565,train
sgfr-005368,train
sgfr-003480,train
sgfr-000667,train
sgfr-000778,train
sgfr-001660,train
sgfr-000662,train
sgfr-000463,train
sgfr-000812,train
sgfr-003238,train
sgfr-005067,train
sgfr-001214,train
sgfr-004853,train
sgfr-004540,train
sgfr-002864,train
sgfr-004846,train
sgfr-004293,train
sgfr-000993,train
sgfr-005020,train
sgfr-002487,train
sgfr-005390,train
sgfr-000520,train
sgfr-001994,train
sgfr-003159,train
sgfr-004561,train
sgfr-002569,train
sgfr-001764,train
sgfr-003064,train
sgfr-004813,train
sgfr-002540,train
sgfr-001537,train
sgfr-000774,train
sgfr-000816,train
sgfr-002019,train
sgfr-001973,train
sgfr-001223,train
sgfr-002738,train
sgfr-003469,train
sgfr-003181,train
sgfr-004607,train
sgfr-004521,train
sgfr-005435,train
sgfr-002133,train
sgfr-002598,train
sgfr-004269,train
sgfr-003700,train
sgfr-004914,train
sgfr-004386,train
sgfr-004284,train
sgfr-001192,train
sgfr-000745,train
sgfr-002393,train
sgfr-005019,train
sgfr-005369,train
sgfr-000126,train
sgfr-000037,train
sgfr-001015,train
sgfr-001488,train
sgfr-005268,train
sgfr-005554,train
sgfr-004389,train
sgfr-004092,train
sgfr-003502,train
sgfr-001806,train
sgfr-003172,train
sgfr-004393,train
sgfr-004727,train
sgfr-001369,train
sgfr-002054,train
sgfr-000506,train
sgfr-000238,train
sgfr-001848,train
sgfr-004376,train
sgfr-002874,train
sgfr-004146,train
sgfr-001146,train
sgfr-005242,train
sgfr-002574,train
sgfr-000330,train
sgfr-004804,train
sgfr-004410,train
sgfr-000434,train
sgfr-001705,train
sgfr-000918,train
sgfr-004715,train
sgfr-000259,train
sgfr-004819,train
sgfr-002629,train
sgfr-005208,train
sgfr-004960,train
sgfr-001542,train
sgfr-004883,train
sgfr-002172,train
sgfr-002187,train
sgfr-004784,train
sgfr-005144,train
sgfr-001543,train
sgfr-001665,train
sgfr-004366,train
sgfr-004940,train
sgfr-000453,train
sgfr-004866,train
sgfr-000395,train
sgfr-002462,train
sgfr-004868,train
sgfr-003647,train
sgfr-003756,train
sgfr-002973,train
sgfr-002732,train
sgfr-002963,train
sgfr-005109,train
sgfr-004887,train
sgfr-000521,train
sgfr-001317,train
sgfr-003846,train
sgfr-005103,train
sgfr-004447,train
sgfr-005004,train
sgfr-003842,train
sgfr-003380,train
sgfr-004893,train
sgfr-002253,train
sgfr-000888,train
sgfr-003210,train
sgfr-005044,train
sgfr-001322,train
sgfr-002314,train
sgfr-001601,train
sgfr-003988,train
sgfr-002950,train
sgfr-001340,train
sgfr-005270,train
sgfr-002865,train
sgfr-001550,train
sgfr-003325,train
sgfr-004046,train
sgfr-000534,train
sgfr-004627,train
sgfr-000167,train
sgfr-004811,train
sgfr-003120,train
sgfr-000172,train
sgfr-004623,train
sgfr-001019,train
sgfr-003372,train
sgfr-003143,train
sgfr-000613,train
sgfr-002105,train
sgfr-002356,train
sgfr-001953,train
sgfr-002936,train
sgfr-005063,train
sgfr-000820,train
sgfr-002470,train
sgfr-002318,train
sgfr-002558,train
sgfr-001257,train
sgfr-004616,train
sgfr-003029,train
sgfr-002370,train
sgfr-005096,train
sgfr-002848,train
sgfr-002396,train
sgfr-001998,train
sgfr-004365,train
sgfr-001678,train
sgfr-002254,train
sgfr-004202,train
sgfr-004398,train
sgfr-005121,train
sgfr-000092,train
sgfr-000477,train
sgfr-000431,train
sgfr-004285,train
sgfr-003087,train
sgfr-001044,train
sgfr-003517,train
sgfr-000673,train
sgfr-001658,train
sgfr-003656,train
sgfr-002007,train
sgfr-001078,train
sgfr-001094,train
sgfr-003826,train
sgfr-000842,train
sgfr-005102,train
sgfr-002920,train
sgfr-005541,train
sgfr-005192,train
sgfr-002334,train
sgfr-001307,train
sgfr-002529,train
sgfr-000018,train
sgfr-000947,train
sgfr-000180,train
sgfr-002153,train
sgfr-005487,train
sgfr-002628,train
sgfr-002137,train
sgfr-000940,train
sgfr-004538,train
sgfr-004370,train
sgfr-002026,train
sgfr-002132,train
sgfr-005531,train
sgfr-000841,train
sgfr-004609,train
sgfr-002022,train
sgfr-000549,train
sgfr-005348,train
sgfr-000436,train
sgfr-004854,train
sgfr-004503,train
sgfr-004656,train
sgfr-000901,train
sgfr-004583,train
sgfr-000716,train
sgfr-002535,train
sgfr-004546,train
sgfr-005381,train
sgfr-002297,train
sgfr-002040,train
sgfr-004120,train
sgfr-002606,train
sgfr-000864,train
sgfr-003104,train
sgfr-004090,train
sgfr-001529,train
sgfr-003721,train
sgfr-000218,train
sgfr-003381,train
sgfr-002075,train
sgfr-000169,train
sgfr-002635,train
sgfr-003437,train
sgfr-003368,train
sgfr-002178,train
sgfr-003481,train
sgfr-003560,train
sgfr-003424,train
sgfr-000255,train
sgfr-002056,train
sgfr-000032,train
sgfr-001475,train
sgfr-001190,train
sgfr-002649,train
sgfr-002114,train
sgfr-002995,train
sgfr-003832,train
sgfr-004255,train
sgfr-001807,train
sgfr-004099,train
sgfr-003197,train
sgfr-004725,train
sgfr-002812,train
sgfr-004975,train
sgfr-001042,train
sgfr-000518,train
sgfr-003297,train
sgfr-001176,train
sgfr-003908,train
sgfr-000992,train
sgfr-003099,train
sgfr-004945,train
sgfr-004767,train
sgfr-005138,train
sgfr-001446,train
sgfr-001860,train
sgfr-004797,train
sgfr-000501,train
sgfr-001366,train
sgfr-003332,train
sgfr-001979,train
sgfr-003943,train
sgfr-000692,train
sgfr-000556,train
sgfr-003955,train
sgfr-001415,train
sgfr-001706,train
sgfr-001903,train
sgfr-005073,train
sgfr-003998,train
sgfr-000713,train
sgfr-000969,train
sgfr-004277,train
sgfr-001462,train
sgfr-000376,train
sgfr-002711,train
sgfr-005399,train
sgfr-003522,train
sgfr-005237,train
sgfr-001206,train
sgfr-000447,train
sgfr-001600,train
sgfr-001254,train
sgfr-001719,train
sgfr-001106,train
sgfr-003065,train
sgfr-000523,train
sgfr-000880,train
sgfr-001252,train
sgfr-004657,train
sgfr-003309,train
sgfr-000324,train
sgfr-004334,train
sgfr-003748,train
sgfr-001593,train
sgfr-002701,train
sgfr-002407,train
sgfr-002547,train
sgfr-000935,train
sgfr-001856,train
sgfr-003906,train
sgfr-001327,train
sgfr-002699,train
sgfr-004289,train
sgfr-000424,train
sgfr-004673,train
sgfr-004363,train
sgfr-001398,train
sgfr-001690,train
sgfr-001749,train
sgfr-002604,train
sgfr-002059,train
sgfr-002302,train
sgfr-004629,train
sgfr-004669,train
sgfr-005362,train
sgfr-005115,train
sgfr-005090,train
sgfr-003857,train
sgfr-005523,train
sgfr-005536,train
sgfr-005229,train
sgfr-001614,train
sgfr-003315,train
sgfr-004652,train
sgfr-003602,train
sgfr-002082,train
sgfr-000256,train
sgfr-001652,train
sgfr-002459,train
sgfr-004585,train
sgfr-003981,train
sgfr-001968,train
sgfr-002278,train
sgfr-001016,train
sgfr-001185,train
sgfr-002856,train
sgfr-005286,train
sgfr-003370,train
sgfr-002213,train
sgfr-003207,train
sgfr-001281,train
sgfr-004314,train
sgfr-002801,train
sgfr-002287,train
sgfr-003403,train
sgfr-005248,train
sgfr-004484,train
sgfr-001465,train
sgfr-004801,train
sgfr-001918,train
sgfr-002655,train
sgfr-002737,train
sgfr-003529,train
sgfr-004441,train
sgfr-003927,train
sgfr-000069,train
sgfr-002262,train
sgfr-001067,train
sgfr-002745,train
sgfr-003132,train
sgfr-003247,train
sgfr-005335,train
sgfr-003580,train
sgfr-004039,train
sgfr-004243,train
sgfr-004578,train
sgfr-000272,train
sgfr-004063,train
sgfr-000098,train
sgfr-003907,train
sgfr-004335,train
sgfr-002926,train
sgfr-003605,train
sgfr-000981,train
sgfr-000895,train
sgfr-004375,train
sgfr-001612,train
sgfr-000827,train
sgfr-003448,train
sgfr-003528,train
sgfr-005343,train
sgfr-001796,train
sgfr-004121,train
sgfr-003255,train
sgfr-005082,train
sgfr-005495,train
sgfr-005434,train
sgfr-003473,train
sgfr-001582,train
sgfr-000147,train
sgfr-004970,train
sgfr-001932,train
sgfr-002001,train
sgfr-004534,train
sgfr-000403,train
sgfr-002678,train
sgfr-000416,train
sgfr-002104,train
sgfr-000026,train
sgfr-001621,train
sgfr-004472,train
sgfr-004875,train
sgfr-004464,train
sgfr-004508,train
sgfr-005154,train
sgfr-001329,train
sgfr-001051,train
sgfr-003780,train
sgfr-001586,train
sgfr-001959,train
sgfr-001314,train
sgfr-000352,train
sgfr-000344,train
sgfr-001438,train
sgfr-003271,train
sgfr-003094,train
sgfr-001091,train
sgfr-000617,train
sgfr-002666,train
sgfr-003175,train
sgfr-002933,train
sgfr-003777,train
sgfr-003639,train
sgfr-003177,train
sgfr-003706,train
sgfr-000153,train
sgfr-001874,train
sgfr-000226,train
sgfr-004171,train
sgfr-002431,train
sgfr-002008,train
sgfr-002589,train
sgfr-000876,train
sgfr-002559,train
sgfr-001884,train
sgfr-003713,train
sgfr-005274,train
sgfr-005480,train
sgfr-002584,train
sgfr-003576,train
sgfr-001269,train
sgfr-004917,train
sgfr-005069,train
sgfr-002575,train
sgfr-004221,train
sgfr-000583,train
sgfr-002935,train
sgfr-001383,train
sgfr-004530,train
sgfr-000484,train
sgfr-002640,train
sgfr-003570,train
sgfr-004842,train
sgfr-003037,train
sgfr-003951,train
sgfr-001763,train
sgfr-003657,train
sgfr-002315,train
sgfr-004666,train
sgfr-000019,train
sgfr-001219,train
sgfr-005189,train
sgfr-003640,train
sgfr-000011,train
sgfr-002395,train
sgfr-001889,train
sgfr-002264,train
sgfr-001339,train
sgfr-005219,train
sgfr-005213,train
sgfr-000885,train
sgfr-004250,train
sgfr-002914,train
sgfr-001626,train
sgfr-004428,train
sgfr-002208,train
sgfr-003220,train
sgfr-005429,train
sgfr-002436,train
sgfr-004207,train
sgfr-003704,train
sgfr-004412,train
sgfr-004360,train
sgfr-002588,train
sgfr-003353,train
sgfr-002528,train
sgfr-001725,train
sgfr-005291,train
sgfr-004069,train
sgfr-005288,train
sgfr-002785,train
sgfr-002247,train
sgfr-003662,train
sgfr-005394,train
sgfr-002145,train
sgfr-000688,train
sgfr-003526,train
sgfr-001505,train
sgfr-005095,train
sgfr-000030,train
sgfr-003717,train
sgfr-002453,train
sgfr-001790,train
sgfr-003986,train
sgfr-003237,train
sgfr-004821,train
sgfr-003035,train
sgfr-003873,train
sgfr-000598,train
sgfr-004271,train
sgfr-001641,train
sgfr-004514,train
sgfr-004305,train
sgfr-005100,train
sgfr-002571,train
sgfr-003178,train
sgfr-002759,train
sgfr-002985,train
sgfr-001891,train
sgfr-000616,train
sgfr-000097,train
sgfr-004124,train
sgfr-001218,train
sgfr-004792,train
sgfr-000490,train
sgfr-004267,train
sgfr-004443,train
sgfr-003976,train
sgfr-002532,train
sgfr-000456,train
sgfr-003145,train
sgfr-003591,train
sgfr-004693,train
sgfr-000392,train
sgfr-000601,train
sgfr-004867,train
sgfr-002943,train
sgfr-004840,train
sgfr-004704,train
sgfr-003006,train
sgfr-003119,train
sgfr-002201,train
sgfr-001129,train
sgfr-000146,train
sgfr-004186,train
sgfr-001161,train
sgfr-003696,train
sgfr-001282,train
sgfr-000043,train
sgfr-004466,train
sgfr-002423,train
sgfr-004972,train
sgfr-000160,train
sgfr-004373,train
sgfr-000813,train
sgfr-003667,train
sgfr-005030,train
sgfr-000538,train
sgfr-004671,train
sgfr-000693,train
sgfr-005551,train
sgfr-003890,train
sgfr-003830,train
sgfr-005217,train
sgfr-002601,train
sgfr-004126,train
sgfr-005506,train
sgfr-000138,train
sgfr-000262,train
sgfr-004003,train
sgfr-005161,train
sgfr-000063,train
sgfr-001713,train
sgfr-004808,train
sgfr-001549,train
sgfr-003303,train
sgfr-001122,train
sgfr-001495,train
sgfr-000365,train
sgfr-005449,train
sgfr-003699,train
sgfr-001484,train
sgfr-004881,train
sgfr-004308,train
sgfr-000948,train
sgfr-001435,train
sgfr-000661,train
sgfr-001041,train
sgfr-000112,train
sgfr-002704,train
sgfr-002904,train
sgfr-003449,train
sgfr-001697,train
sgfr-002833,train
sgfr-001431,train
sgfr-003798,train
sgfr-001837,train
sgfr-003313,train
sgfr-002513,train
sgfr-003920,train
sgfr-002131,train
sgfr-005010,train
sgfr-000747,train
sgfr-004522,train
sgfr-001376,train
sgfr-002276,train
sgfr-004435,train
sgfr-001605,train
sgfr-004316,train
sgfr-001068,train
sgfr-004342,train
sgfr-003282,train
sgfr-003601,train
sgfr-004589,train
sgfr-002994,train
sgfr-002323,train
sgfr-004141,train
sgfr-002205,train
sgfr-001062,train
sgfr-002064,train
sgfr-004935,train
sgfr-005395,train
sgfr-002643,train
sgfr-001395,train
sgfr-002725,train
sgfr-003261,train
sgfr-000397,train
sgfr-002918,train
sgfr-001126,train
sgfr-001773,train
sgfr-000396,train
sgfr-000887,train
sgfr-001410,train
sgfr-004425,train
sgfr-000317,train
sgfr-002716,train
sgfr-004990,train
sgfr-004446,train
sgfr-002191,train
sgfr-000203,train
sgfr-005437,train
sgfr-002156,train
sgfr-005228,train
sgfr-001838,train
sgfr-001221,train
sgfr-001038,train
sgfr-001941,train
sgfr-003387,train
sgfr-000763,train
sgfr-004564,train
sgfr-002435,train
sgfr-001742,train
sgfr-003113,train
sgfr-005007,train
sgfr-000449,train
sgfr-001898,train
sgfr-004028,train
sgfr-000903,train
sgfr-002220,train
sgfr-002256,train
sgfr-004604,train
sgfr-004729,train
sgfr-002389,train
sgfr-002151,train
sgfr-002541,train
sgfr-001093,train
sgfr-001664,train
sgfr-004996,train
sgfr-000700,train
sgfr-003674,train
sgfr-003399,train
sgfr-000292,train
sgfr-004341,train
sgfr-000448,train
sgfr-002144,train
sgfr-000335,train
sgfr-002239,train
sgfr-000776,train
sgfr-001434,train
sgfr-000216,train
sgfr-001087,train
sgfr-000701,train
sgfr-000590,train
sgfr-004886,train
sgfr-001492,train
sgfr-002366,train
sgfr-000332,train
sgfr-001720,train
sgfr-000428,train
sgfr-003081,train
sgfr-002365,train
sgfr-000206,train
sgfr-000101,train
sgfr-001761,train
sgfr-004132,train
sgfr-000080,train
sgfr-001821,train
sgfr-003240,train
sgfr-003918,train
sgfr-001346,train
sgfr-000976,train
sgfr-001285,train
sgfr-002267,train
sgfr-002035,train
sgfr-000308,train
sgfr-001288,train
sgfr-000851,train
sgfr-001090,train
sgfr-002416,train
sgfr-005321,train
sgfr-005052,train
sgfr-002118,train
sgfr-004304,train
sgfr-000481,train
sgfr-000559,train
sgfr-003420,train
sgfr-000906,train
sgfr-000604,train
sgfr-004068,train
sgfr-000511,train
sgfr-005379,train
sgfr-001507,train
sgfr-001506,train
sgfr-001570,train
sgfr-002810,train
sgfr-002403,train
sgfr-003651,train
sgfr-000115,train
sgfr-002898,train
sgfr-000641,train
sgfr-003620,train
sgfr-000202,train
sgfr-005344,train
sgfr-000388,train
sgfr-005042,train
sgfr-000720,train
sgfr-000227,train
sgfr-001694,train
sgfr-003106,train
sgfr-000061,train
sgfr-000723,train
sgfr-001931,train
sgfr-003636,train
sgfr-004252,train
sgfr-004775,train
sgfr-003769,train
sgfr-005162,train
sgfr-000529,train
sgfr-003772,train
sgfr-002766,train
sgfr-000316,train
sgfr-002081,train
sgfr-004576,train
sgfr-001580,train
sgfr-004999,train
sgfr-001011,train
sgfr-001610,train
sgfr-004683,train
sgfr-000602,train
sgfr-001576,train
sgfr-001230,train
sgfr-001432,train
sgfr-005533,train
sgfr-000139,train
sgfr-001816,train
sgfr-001581,train
sgfr-001310,train
sgfr-002567,train
sgfr-005450,train
sgfr-004054,train
sgfr-003905,train
sgfr-004194,train
sgfr-001344,train
sgfr-004349,train
sgfr-001318,train
sgfr-002377,train
sgfr-004163,train
sgfr-001627,train
sgfr-001535,train
sgfr-001646,train
sgfr-000261,train
sgfr-002723,train
sgfr-004095,train
sgfr-001213,train
sgfr-004705,train
sgfr-002103,train
sgfr-000835,train
sgfr-001482,train
sgfr-004769,train
sgfr-003456,train
sgfr-003983,train
sgfr-002975,train
sgfr-001268,train
sgfr-001587,train
sgfr-005263,train
sgfr-004782,train
sgfr-002354,train
sgfr-004322,train
sgfr-004639,train
sgfr-002888,train
sgfr-001793,train
sgfr-005492,train
sgfr-002582,train
sgfr-005384,train
sgfr-002261,train
sgfr-003212,train
sgfr-001792,train
sgfr-000144,train
sgfr-000275,train
sgfr-004825,train
sgfr-002691,train
sgfr-005456,train
sgfr-001493,train
sgfr-000224,train
sgfr-001237,train
sgfr-002765,train
sgfr-004630,train
sgfr-003020,train
sgfr-001859,train
sgfr-000192,train
sgfr-005092,train
sgfr-002129,train
sgfr-005452,train
sgfr-002563,train
sgfr-003377,train
sgfr-001407,train
sgfr-004876,train
sgfr-001747,train
sgfr-000087,train
sgfr-000762,train
sgfr-003224,train
sgfr-004381,train
sgfr-004954,train
sgfr-001454,train
sgfr-005051,train
sgfr-003544,train
sgfr-003965,train
sgfr-002820,train
sgfr-000485,train
sgfr-004445,train
sgfr-003719,train
sgfr-002803,train
sgfr-002638,train
sgfr-003319,train
sgfr-004107,train
sgfr-002962,train
sgfr-003630,train
sgfr-005114,train
sgfr-003587,train
sgfr-001491,train
sgfr-003641,train
sgfr-005552,train
sgfr-004734,train
sgfr-000364,train
sgfr-000071,train
sgfr-002777,train
sgfr-003304,train
sgfr-003742,train
sgfr-000524,train
sgfr-005560,train
sgfr-001006,train
sgfr-004505,train
sgfr-003466,train
sgfr-005113,train
sgfr-001746,train
sgfr-002050,train
sgfr-005313,train
sgfr-002880,train
sgfr-004809,train
sgfr-000337,train
sgfr-002481,train
sgfr-005190,train
sgfr-001591,train
sgfr-001267,train
sgfr-004165,train
sgfr-001639,train
sgfr-001123,train
sgfr-004086,train
sgfr-002433,train
sgfr-004826,train
sgfr-003213,train
sgfr-001753,train
sgfr-001777,train
sgfr-002977,train
sgfr-001673,train
sgfr-000496,train
sgfr-003428,train
sgfr-001757,train
sgfr-002175,train
sgfr-003351,train
sgfr-004781,train
sgfr-005140,train
sgfr-001883,train
sgfr-004036,train
sgfr-000001,train
sgfr-005509,train
sgfr-000998,train
sgfr-000528,train
sgfr-001623,train
sgfr-003705,train
sgfr-000363,train
sgfr-001681,train
sgfr-000789,train
sgfr-004408,train
sgfr-001130,train
sgfr-001620,train
sgfr-002809,train
sgfr-003671,train
sgfr-000545,train
sgfr-001335,train
sgfr-000517,train
sgfr-001270,train
sgfr-003222,train
sgfr-001077,train
sgfr-001400,train
sgfr-002397,train
sgfr-005111,train
sgfr-003417,train
sgfr-000830,train
sgfr-004550,train
sgfr-003441,train
sgfr-005494,train
sgfr-000487,train
sgfr-003797,train
sgfr-005124,train
sgfr-005120,train
sgfr-005142,train
sgfr-002316,train
sgfr-001573,train
sgfr-003536,train
sgfr-005034,train
sgfr-000971,train
sgfr-004742,train
sgfr-003689,train
sgfr-002312,train
sgfr-000177,train
sgfr-001629,train
sgfr-000493,train
sgfr-002091,train
sgfr-002871,train
sgfr-002744,train
sgfr-002517,train
sgfr-005278,train
sgfr-004706,train
sgfr-001333,train
sgfr-005556,train
sgfr-003637,train
sgfr-003932,train
sgfr-000182,train
sgfr-002508,train
sgfr-003816,train
sgfr-002269,train
sgfr-002900,train
sgfr-001158,train
sgfr-000847,train
sgfr-004790,train
sgfr-000873,train
sgfr-002591,train
sgfr-003204,train
sgfr-003385,train
sgfr-000413,train
sgfr-002894,train
sgfr-005163,train
sgfr-001447,train
sgfr-002367,train
sgfr-003539,train
sgfr-005054,train
sgfr-004920,train
sgfr-004087,train
sgfr-002214,train
sgfr-002693,train
sgfr-005544,train
sgfr-000536,train
sgfr-001416,train
sgfr-002847,train
sgfr-004015,train
sgfr-003208,train
sgfr-000249,train
sgfr-003802,train
sgfr-001359,train
sgfr-003285,train
sgfr-003447,train
sgfr-000734,train
sgfr-000029,train
sgfr-004661,train
sgfr-004479,train
sgfr-004882,train
sgfr-004987,train
sgfr-005249,train
sgfr-003465,train
sgfr-004880,train
sgfr-004577,train
sgfr-002800,train
sgfr-005097,train
sgfr-001907,train
sgfr-000955,train
sgfr-004568,train
sgfr-004275,train
sgfr-005557,train
sgfr-001389,train
sgfr-000127,train
sgfr-001833,train
sgfr-002786,train
sgfr-003579,train
sgfr-000057,train
sgfr-002955,train
sgfr-002197,train
sgfr-002246,train
sgfr-005061,train
sgfr-001545,train
sgfr-004741,train
sgfr-000503,train
sgfr-001276,train
sgfr-004114,train
sgfr-000780,train
sgfr-004261,train
sgfr-000273,train
sgfr-004290,train
sgfr-000311,train
sgfr-000941,train
sgfr-002157,train
sgfr-000872,train
sgfr-001147,train
sgfr-001411,train
sgfr-004605,train
sgfr-001375,train
sgfr-002332,train
sgfr-003148,train
sgfr-000936,train
sgfr-004753,train
sgfr-004507,train
sgfr-003074,train
sgfr-002621,train
sgfr-003019,train
sgfr-003144,train
sgfr-004130,train
sgfr-003726,train
sgfr-001596,train
sgfr-004950,train
sgfr-000060,train
sgfr-003503,train
sgfr-004610,train
sgfr-004359,train
sgfr-003950,train
sgfr-002068,train
sgfr-000430,train
sgfr-003543,train
sgfr-004251,train
sgfr-003151,train
sgfr-001878,train
sgfr-003806,train
sgfr-001194,train
sgfr-004997,train
sgfr-004552,train
sgfr-000836,train
sgfr-002338,train
sgfr-004949,train
sgfr-002350,train
sgfr-000991,train
sgfr-005475,train
sgfr-005508,train
sgfr-005417,train
sgfr-002816,train
sgfr-000695,train
sgfr-002440,train
sgfr-003963,train
sgfr-005430,train
sgfr-003688,train
sgfr-001082,train
sgfr-004839,train
sgfr-002683,train
sgfr-004010,train
sgfr-004720,train
sgfr-004026,train
sgfr-000239,train
sgfr-000111,train
sgfr-001551,train
sgfr-002908,train
sgfr-004497,train
sgfr-001768,train
sgfr-003747,train
sgfr-005518,train
sgfr-004158,train
sgfr-001603,train
sgfr-002028,train
sgfr-003011,train
sgfr-000648,train
sgfr-000605,train
sgfr-001515,train
sgfr-000377,train
sgfr-003914,train
sgfr-002112,train
sgfr-001443,train
sgfr-001983,train
sgfr-002891,train
sgfr-000366,train
sgfr-003508,train
sgfr-004357,train
sgfr-001302,train
sgfr-002546,train
sgfr-003962,train
sgfr-001127,train
sgfr-001944,train
sgfr-000500,train
sgfr-000246,train
sgfr-003897,train
sgfr-003232,train
sgfr-001748,train
sgfr-002964,train
sgfr-005193,train
sgfr-000306,train
sgfr-000581,train
sgfr-004506,train
sgfr-005098,train
sgfr-002664,train
sgfr-001739,train
sgfr-003862,train
sgfr-004219,train
sgfr-004841,train
sgfr-000307,train
sgfr-005222,train
sgfr-000331,train
sgfr-003924,train
sgfr-002222,train
sgfr-001650,train
sgfr-000707,train
sgfr-004214,train
sgfr-004679,train
sgfr-003421,train
sgfr-001648,train
sgfr-002427,train
sgfr-002665,train
sgfr-000698,train
sgfr-000654,train
sgfr-004668,train
sgfr-003933,train
sgfr-003535,train
sgfr-004016,train
sgfr-005438,train
sgfr-003827,train
sgfr-003157,train
sgfr-001762,train
sgfr-005022,train
sgfr-003593,train
sgfr-005376,train
sgfr-004904,train
sgfr-003498,train
sgfr-001242,train
sgfr-003152,train
sgfr-000184,train
sgfr-002492,train
sgfr-002952,train
sgfr-001497,train
sgfr-001533,train
sgfr-005419,train
sgfr-000704,train
sgfr-001433,train
sgfr-003365,train
sgfr-002404,train
sgfr-001631,train
sgfr-004560,train
sgfr-000234,train
sgfr-004748,train
sgfr-002501,train
sgfr-004364,train
sgfr-003193,train
sgfr-000575,train
sgfr-000703,train
sgfr-004085,train
sgfr-003265,train
sgfr-003083,train
sgfr-000805,train
sgfr-002102,train
sgfr-004872,train
sgfr-001073,train
sgfr-003805,train
sgfr-000023,train
sgfr-004878,train
sgfr-000732,train
sgfr-001958,train
sgfr-005003,train
sgfr-000084,train
sgfr-001924,train
sgfr-001527,train
sgfr-001717,train
sgfr-003360,train
sgfr-003027,train
sgfr-002555,train
sgfr-003822,train
sgfr-000725,train
sgfr-003103,train
sgfr-000626,train
sgfr-002360,train
sgfr-004228,train
sgfr-004754,train
sgfr-000646,train
sgfr-001274,train
sgfr-003684,train
sgfr-002989,train
sgfr-003731,train
sgfr-004998,train
sgfr-003049,train
sgfr-003606,train
sgfr-000028,train
sgfr-004315,train
sgfr-001343,train
sgfr-004374,train
sgfr-002924,train
sgfr-001294,train
sgfr-000588,train
sgfr-000419,train
sgfr-005239,train
sgfr-005147,train
sgfr-003362,train
sgfr-004520,train
sgfr-002122,train
sgfr-000425,train
sgfr-004634,train
sgfr-005170,train
sgfr-000265,train
sgfr-005444,train
sgfr-000587,train
sgfr-000806,train
sgfr-003267,train
sgfr-004974,train
sgfr-001045,train
sgfr-000478,train
sgfr-002746,train
sgfr-004531,train
sgfr-003968,train
sgfr-002439,train
sgfr-003107,train
sgfr-003406,train
sgfr-005126,train
sgfr-004765,train
sgfr-005401,train
sgfr-002760,train
sgfr-001511,train
sgfr-005501,train
sgfr-004703,train
sgfr-000801,train
sgfr-002456,train
sgfr-001444,train
sgfr-005306,train
sgfr-003483,train
sgfr-001954,train
sgfr-002999,train
sgfr-005347,train
sgfr-004295,train
sgfr-000951,train
sgfr-005484,train
sgfr-002718,train
sgfr-001607,train
sgfr-000045,train
sgfr-004409,train
sgfr-002795,train
sgfr-002525,train
sgfr-003938,train
sgfr-000123,train
sgfr-004371,train
sgfr-005428,train
sgfr-000412,train
sgfr-005160,train
sgfr-001341,train
sgfr-003946,train
sgfr-002299,train
sgfr-000934,train
sgfr-003198,train
sgfr-005074,train
sgfr-005235,train
sgfr-002204,train
sgfr-005130,train
sgfr-002168,train
sgfr-000143,train
sgfr-003295,train
sgfr-002713,train
sgfr-003975,train
sgfr-004195,train
sgfr-005418,train
sgfr-001234,train
sgfr-004718,train
sgfr-000058,train
sgfr-003219,train
sgfr-001801,train
sgfr-000926,train
sgfr-003179,train
sgfr-002328,train
sgfr-000866,train
sgfr-004885,train
sgfr-003892,train
sgfr-003959,train
sgfr-003248,train
sgfr-001099,train
sgfr-004330,train
sgfr-005546,train
sgfr-004624,train
sgfr-002636,train
sgfr-003751,train
sgfr-000905,train
sgfr-000414,train
sgfr-001476,train
sgfr-001197,train
sgfr-000346,train
sgfr-001571,train
sgfr-000499,train
sgfr-002875,train
sgfr-004555,train
sgfr-002679,train
sgfr-001097,train
sgfr-001684,train
sgfr-002248,train
sgfr-001334,train
sgfr-005442,train
sgfr-005407,train
sgfr-003137,train
sgfr-004778,train
sgfr-000014,train
sgfr-000236,train
sgfr-000560,train
sgfr-002868,train
sgfr-001991,train
sgfr-003075,train
sgfr-000961,train
sgfr-000570,train
sgfr-001246,train
sgfr-001110,train
sgfr-004385,train
sgfr-005561,train
sgfr-000645,train
sgfr-001050,train
sgfr-004622,train
sgfr-005266,train
sgfr-003388,train
sgfr-000393,train
sgfr-002437,train
sgfr-001538,train
sgfr-000276,train
sgfr-000599,train
sgfr-003047,train
sgfr-004698,train
sgfr-002090,train
sgfr-000694,train
sgfr-002815,train
sgfr-004779,train
sgfr-001143,train
sgfr-003728,train
sgfr-002307,train
sgfr-000785,train
sgfr-003626,train
sgfr-000755,train
sgfr-003494,train
sgfr-003327,train
sgfr-002071,train
sgfr-001216,train
sgfr-004642,train
sgfr-003582,train
sgfr-001703,train
sgfr-000193,train
sgfr-001987,train
sgfr-005534,train
sgfr-003459,train
sgfr-001249,train
sgfr-004663,train
sgfr-002749,train
sgfr-004231,train
sgfr-001867,train
sgfr-001923,train
sgfr-004098,train
sgfr-000810,train
sgfr-005538,train
sgfr-002387,train
sgfr-003122,train
sgfr-003934,train
sgfr-004847,train
sgfr-001088,train
sgfr-005316,train
sgfr-004426,train
sgfr-003886,train
sgfr-003306,train
sgfr-002243,train
sgfr-003491,train
sgfr-004442,train
sgfr-003138,train
sgfr-004761,train
sgfr-001233,train
sgfr-002400,train
sgfr-003921,train
sgfr-004690,train
sgfr-004843,train
sgfr-004637,train
sgfr-003278,train
sgfr-002707,train
sgfr-004724,train
sgfr-001367,train
sgfr-001692,train
sgfr-002878,train
sgfr-002909,train
sgfr-001812,train
sgfr-005317,train
sgfr-002236,train
sgfr-003317,train
sgfr-004961,train
sgfr-002066,train
sgfr-001136,train
sgfr-000854,train
sgfr-004474,train
sgfr-003658,train
sgfr-003242,train
sgfr-002074,train
sgfr-000792,train
sgfr-001693,train
sgfr-005550,train
sgfr-002834,train
sgfr-003209,train
sgfr-003538,train
sgfr-000183,train
sgfr-004137,train
sgfr-004500,train
sgfr-000242,train
sgfr-002686,train
sgfr-002155,train
sgfr-002475,train
sgfr-002148,train
sgfr-000116,train
sgfr-002378,train
sgfr-000758,train
sgfr-004927,train
sgfr-002581,train
sgfr-001059,train
sgfr-001945,train
sgfr-001653,train
sgfr-003061,train
sgfr-000944,train
sgfr-004461,train
sgfr-005385,train
sgfr-001112,train
sgfr-001081,train
sgfr-000320,train
sgfr-002015,train
sgfr-000831,train
sgfr-005415,train
sgfr-005355,train
sgfr-004050,train
sgfr-001379,train
sgfr-000221,train
sgfr-003697,train
sgfr-002159,train
sgfr-002531,train
sgfr-004758,train
sgfr-000088,train
sgfr-002319,train
sgfr-003997,train
sgfr-002673,train
sgfr-001835,train
sgfr-005172,train
sgfr-000603,train
sgfr-002016,train
sgfr-003701,train
sgfr-003067,train
sgfr-005356,train
sgfr-002590,train
sgfr-002263,train
sgfr-002046,train
sgfr-003055,train
sgfr-000507,train
sgfr-001474,train
sgfr-003273,train
sgfr-002290,train
sgfr-001828,train
sgfr-001315,train
sgfr-002953,train
sgfr-003794,train
sgfr-002257,train
sgfr-001517,train
sgfr-001752,train
sgfr-003488,train
sgfr-003746,train
sgfr-003091,train
sgfr-000225,train
sgfr-000442,train
sgfr-004079,train
sgfr-005354,train
sgfr-004181,train
sgfr-001873,train
sgfr-003792,train
sgfr-003013,train
sgfr-002689,train
sgfr-001386,train
sgfr-000619,train
sgfr-004502,train
sgfr-000891,train
sgfr-004240,train
sgfr-004967,train
sgfr-003184,train
sgfr-005025,train
sgfr-004227,train
sgfr-001098,train
sgfr-005336,train
sgfr-002199,train
sgfr-004006,train
sgfr-003216,train
sgfr-000530,train
sgfr-005361,train
sgfr-004434,train
sgfr-001188,train
sgfr-003953,train
sgfr-004558,train
sgfr-004938,train
sgfr-003354,train
sgfr-000651,train
sgfr-001085,train
sgfr-000904,train
sgfr-000656,train
sgfr-000012,train
sgfr-002460,train
sgfr-000815,train
sgfr-004448,train
sgfr-004309,train
sgfr-005041,train
sgfr-003089,train
sgfr-004635,train
sgfr-003308,train
sgfr-002110,train
sgfr-001656,train
sgfr-000649,train
sgfr-003613,train
sgfr-000078,train
sgfr-003979,train
sgfr-001702,train
sgfr-004889,train
sgfr-004830,train
sgfr-003217,train
sgfr-001938,train
sgfr-002609,train
sgfr-002331,train
sgfr-002931,train
sgfr-000608,train
sgfr-002128,train
sgfr-004318,train
sgfr-000222,train
sgfr-002857,train
sgfr-003096,train
sgfr-000405,train
sgfr-003000,train
sgfr-001321,train
sgfr-005410,train
sgfr-000305,train
sgfr-004078,train
sgfr-000764,train
sgfr-003369,train
sgfr-005504,train
sgfr-005461,train
sgfr-003687,train
sgfr-003149,train
sgfr-002249,train
sgfr-002326,train
sgfr-001360,train
sgfr-002478,train
sgfr-002094,train
sgfr-001193,train
sgfr-001872,train
sgfr-000047,train
sgfr-005499,train
sgfr-005454,train
sgfr-005099,train
sgfr-001744,train
sgfr-000359,train
sgfr-000832,train
sgfr-002949,train
sgfr-001885,train
sgfr-002620,train
sgfr-003653,train
sgfr-000010,train
sgfr-004541,train
sgfr-002942,train
sgfr-005303,train
sgfr-003495,train
sgfr-004794,train
sgfr-002736,train
sgfr-002099,train
sgfr-005260,train
sgfr-005280,train
sgfr-004947,train
sgfr-000093,train
sgfr-000205,train
sgfr-003442,train
sgfr-003180,train
sgfr-001640,train
sgfr-004061,train
sgfr-002805,train
sgfr-003661,train
sgfr-001199,train
sgfr-003022,train
sgfr-005522,train
sgfr-004958,train
sgfr-002371,train
sgfr-003041,train
sgfr-003160,train
sgfr-002698,train
sgfr-000466,train
sgfr-004626,train
sgfr-004894,train
sgfr-002996,train
sgfr-005305,train
sgfr-003995,train
sgfr-000410,train
sgfr-000161,train
sgfr-001305,train
sgfr-001786,train
sgfr-002119,train
sgfr-004105,train
sgfr-004396,train
sgfr-002215,train
sgfr-000380,train
sgfr-001813,train
sgfr-004057,train
sgfr-003937,train
sgfr-004013,train
sgfr-000962,train
sgfr-003868,train
sgfr-003069,train
sgfr-002088,train
sgfr-000892,train
sgfr-003612,train
sgfr-002560,train
sgfr-000341,train
sgfr-001347,train
sgfr-001950,train
sgfr-002850,train
sgfr-004292,train
sgfr-002096,train
sgfr-001069,train
sgfr-004646,train
sgfr-002979,train
sgfr-002352,train
sgfr-004209,train
sgfr-001253,train
sgfr-003916,train
sgfr-004088,train
sgfr-004984,train
sgfr-003957,train
sgfr-001985,train
sgfr-001524,train
sgfr-001437,train
sgfr-004336,train
sgfr-005245,train
sgfr-001358,train
sgfr-001637,train
sgfr-000194,train
sgfr-003894,train
sgfr-002645,train
sgfr-002625,train
sgfr-002285,train
sgfr-000109,train
sgfr-003835,train
sgfr-003291,train
sgfr-002174,train
sgfr-002349,train
sgfr-003614,train
sgfr-000350,train
sgfr-004602,train
sgfr-001728,train
sgfr-002877,train
sgfr-004362,train
sgfr-000034,train
sgfr-005476,train
sgfr-000652,train
sgfr-002061,train
sgfr-004710,train
sgfr-000632,train
sgfr-002229,train
sgfr-001259,train
sgfr-005464,train
sgfr-002838,train
sgfr-002469,train
sgfr-001810,train
sgfr-003881,train
sgfr-002388,train
sgfr-004509,train
sgfr-000913,train
sgfr-000771,train
sgfr-001180,train
sgfr-001330,train
sgfr-000217,train
sgfr-002455,train
sgfr-004138,train
sgfr-001212,train
sgfr-004836,train
sgfr-001921,train
sgfr-005036,train
sgfr-005440,train
sgfr-003411,train
sgfr-000853,train
sgfr-000744,train
sgfr-001854,train
sgfr-002337,train
sgfr-001947,train
sgfr-003135,train
sgfr-004518,train
sgfr-005537,train
sgfr-000398,train
sgfr-004403,train
sgfr-004916,train
sgfr-000454,train
sgfr-001258,train
sgfr-002260,train
sgfr-005360,train
sgfr-000579,train
sgfr-004714,train
sgfr-002580,train
sgfr-001698,train
sgfr-003012,train
sgfr-003463,train
sgfr-003820,train
sgfr-001956,train
sgfr-005023,train
sgfr-003824,train
sgfr-001750,train
sgfr-002171,train
sgfr-002653,train
sgfr-004263,train
sgfr-000678,train
sgfr-003501,train
sgfr-002515,train
sgfr-000166,train
sgfr-003558,train
sgfr-005478,train
sgfr-005502,train
sgfr-001928,train
sgfr-001114,train
sgfr-000752,train
sgfr-003762,train
sgfr-001116,train
sgfr-000683,train
sgfr-001075,train
sgfr-000896,train
sgfr-002485,train
sgfr-003142,train
sgfr-005281,train
sgfr-004721,train
sgfr-004700,train
sgfr-002858,train
sgfr-001128,train
sgfr-004388,train
sgfr-000190,train
sgfr-003581,train
sgfr-004982,train
sgfr-003609,train
sgfr-004224,train
sgfr-003364,train
sgfr-003871,train
sgfr-000283,train
sgfr-005493,train
sgfr-000852,train
sgfr-000821,train
sgfr-004051,train
sgfr-004276,train
sgfr-005500,train
sgfr-001910,train
sgfr-005505,train
sgfr-002173,train
sgfr-000798,train
sgfr-004543,train
sgfr-004449,train
sgfr-003073,train
sgfr-002702,train
sgfr-002715,train
sgfr-000322,train
sgfr-002272,train
sgfr-000767,train
sgfr-001539,train
sgfr-001942,train
sgfr-002763,train
sgfr-001092,train
sgfr-005393,train
sgfr-005058,train
sgfr-004475,train
sgfr-000381,train
sgfr-003342,train
sgfr-003439,train
sgfr-003457,train
sgfr-005333,train
sgfr-005029,train
sgfr-003589,train
sgfr-002009,train
sgfr-005137,train
sgfr-000433,train
sgfr-002496,train
sgfr-001583,train
sgfr-000379,train
sgfr-003600,train
sgfr-000943,train
sgfr-001642,train
sgfr-001597,train
sgfr-004115,train
sgfr-001830,train
sgfr-000005,train
sgfr-003084,train
sgfr-000294,train
sgfr-001871,train
sgfr-003753,train
sgfr-005448,train
sgfr-000855,train
sgfr-002186,train
sgfr-005049,train
sgfr-000141,train
sgfr-000095,train
sgfr-002111,train
sgfr-000983,train
sgfr-005076,train
sgfr-002108,train
sgfr-005351,train
sgfr-002756,train
sgfr-000136,train
sgfr-005145,train
sgfr-002449,train
sgfr-000922,train
sgfr-002052,train
sgfr-004378,train
sgfr-001244,train
sgfr-004066,train
sgfr-005035,train
sgfr-002374,train
sgfr-002960,train
sgfr-001151,train
sgfr-002100,train
sgfr-005093,train
sgfr-002650,train
sgfr-003875,train
sgfr-005197,train
sgfr-005359,train
sgfr-001624,train
sgfr-003737,train
sgfr-000787,train
sgfr-002245,train
sgfr-001999,train
sgfr-000464,train
sgfr-003279,train
sgfr-001142,train
sgfr-003109,train
sgfr-003249,train
sgfr-000751,train
sgfr-002592,train
sgfr-002493,train
sgfr-004045,train
sgfr-001572,train
sgfr-002106,train
sgfr-000204,train
sgfr-002458,train
sgfr-003014,train
sgfr-004959,train
sgfr-000159,train
sgfr-005569,train
sgfr-004135,train
sgfr-003785,train
sgfr-003960,train
sgfr-003811,train
sgfr-004648,train
sgfr-002682,train
sgfr-000021,train
sgfr-005349,train
sgfr-003352,train
sgfr-001714,train
sgfr-003571,train
sgfr-000987,train
sgfr-003646,train
sgfr-005363,train
sgfr-004232,train
sgfr-004458,train
sgfr-002832,train
sgfr-001100,train
sgfr-005184,train
sgfr-002291,train
sgfr-000390,train
sgfr-003722,train
sgfr-000709,train
sgfr-003060,train
sgfr-005311,train
sgfr-003017,train
sgfr-001818,train
sgfr-005447,train
sgfr-001215,train
sgfr-000072,train
sgfr-003021,train
sgfr-001670,train
sgfr-001196,train
sgfr-000721,train
sgfr-003939,train
sgfr-003427,train
sgfr-000727,train
sgfr-005028,train
sgfr-005296,train
sgfr-004345,train
sgfr-002317,train
sgfr-000797,train
sgfr-004618,train
sgfr-005412,train
sgfr-000235,train
sgfr-002928,train
sgfr-000958,train
sgfr-003244,train
sgfr-004501,train
sgfr-002041,train
sgfr-001769,train
sgfr-000150,train
sgfr-001834,train
sgfr-000015,train
sgfr-000181,train
sgfr-001525,train
sgfr-003782,train
sgfr-004433,train
sgfr-001364,train
sgfr-004632,train
sgfr-000875,train
sgfr-004523,train
sgfr-001048,train
sgfr-003231,train
sgfr-001634,train
sgfr-003969,train
sgfr-003350,train
sgfr-002138,train
sgfr-001228,train
sgfr-002273,train
sgfr-000135,train
sgfr-003666,train
sgfr-004823,train
sgfr-001034,train
sgfr-004317,train
sgfr-002845,train
sgfr-000253,train
sgfr-003059,train
sgfr-003569,train
sgfr-000383,train
sgfr-000712,train
sgfr-004762,train
sgfr-004796,train
sgfr-002593,train
sgfr-002790,train
sgfr-000441,train
sgfr-005166,train
sgfr-002358,train
sgfr-000522,train
sgfr-003460,train
sgfr-000232,train
sgfr-000162,train
sgfr-002296,train
sgfr-002364,train
sgfr-005169,train
sgfr-001532,train
sgfr-005565,train
sgfr-001794,train
sgfr-005167,train
sgfr-001311,train
sgfr-000130,train
sgfr-003253,train
sgfr-003239,train
sgfr-000391,train
sgfr-001986,train
sgfr-003454,train
sgfr-005571,train
sgfr-005246,train
sgfr-002932,train
sgfr-001820,train
sgfr-004810,train
sgfr-001477,train
sgfr-000630,train
sgfr-001776,train
sgfr-000612,train
sgfr-003735,train
sgfr-002079,train
sgfr-005519,train
sgfr-003936,train
sgfr-002662,train
sgfr-003334,train
sgfr-003766,train
sgfr-005135,train
sgfr-002552,train
sgfr-002136,train
sgfr-003859,train
sgfr-000680,train
sgfr-000770,train
sgfr-002927,train
sgfr-002049,train
sgfr-002211,train
sgfr-003725,train
sgfr-002464,train
sgfr-003445,train
sgfr-003895,train
sgfr-003885,train
sgfr-001675,train
sgfr-004606,train
sgfr-001352,train
sgfr-001501,train
sgfr-004675,train
sgfr-003738,train
sgfr-001518,train
sgfr-004400,train
sgfr-003952,train
sgfr-002853,train
sgfr-005290,train
sgfr-002058,train
sgfr-005529,train
sgfr-005470,train
sgfr-001240,train
sgfr-002862,train
sgfr-003561,train
sgfr-003672,train
sgfr-005250,train
sgfr-003828,train
sgfr-002534,train
sgfr-001667,train
sgfr-002893,train
sgfr-000122,train
sgfr-000978,train
sgfr-003025,train
sgfr-004547,train
sgfr-000970,train
sgfr-001927,train
sgfr-000031,train
sgfr-003878,train
sgfr-004519,train
sgfr-004723,train
sgfr-000040,train
sgfr-001647,train
sgfr-004860,train
sgfr-005422,train
sgfr-004988,train
sgfr-004495,train
sgfr-000027,train
sgfr-004018,train
sgfr-003200,train
sgfr-001463,train
sgfr-002421,train
sgfr-005117,train
sgfr-002384,train
sgfr-001736,train
sgfr-001166,train
sgfr-004857,train
sgfr-000878,train
sgfr-000697,train
sgfr-001754,train
sgfr-004106,train
sgfr-000539,train
sgfr-004863,train
sgfr-004528,train
sgfr-004544,train
sgfr-000843,train
sgfr-001922,train
sgfr-003477,train
sgfr-001963,train
sgfr-003033,train
sgfr-003110,train
sgfr-004206,train
sgfr-000946,train
sgfr-003450,train
sgfr-001913,train
sgfr-002544,train
sgfr-000576,train
sgfr-002383,train
sgfr-001510,train
sgfr-005016,train
sgfr-000552,train
sgfr-005179,train
sgfr-003695,train
sgfr-003645,train
sgfr-003615,train
sgfr-003603,train
sgfr-001390,train
sgfr-000375,train
sgfr-001357,train
sgfr-003338,train
sgfr-004350,train
sgfr-000137,train
sgfr-002281,train
sgfr-004681,train
sgfr-000610,train
sgfr-004944,train
sgfr-000952,train
sgfr-003214,train
sgfr-004772,train
sgfr-005481,train
sgfr-002139,train
sgfr-000387,train
sgfr-002610,train
sgfr-001292,train
sgfr-005455,train
sgfr-000408,train
sgfr-001967,train
sgfr-004631,train
sgfr-004496,train
sgfr-005012,train
sgfr-002463,train
sgfr-004405,train
sgfr-003182,train
sgfr-000676,train
sgfr-004833,train
sgfr-001355,train
sgfr-004041,train
sgfr-002632,train
sgfr-003010,train
sgfr-003598,train
sgfr-005342,train
sgfr-005485,train
sgfr-001401,train
sgfr-004912,train
sgfr-000269,train
sgfr-004080,train
sgfr-003716,train
sgfr-002630,train
sgfr-000055,train
sgfr-001509,train
sgfr-002876,train
sgfr-000411,train
sgfr-001464,train
sgfr-004695,train
sgfr-000740,train
sgfr-002230,train
sgfr-004204,train
sgfr-003266,train
sgfr-001616,train
sgfr-001504,train
sgfr-004238,train
sgfr-001710,train
sgfr-004733,train
sgfr-005094,train
sgfr-000066,train
sgfr-002140,train
sgfr-000973,train
sgfr-000356,train
sgfr-001201,train
sgfr-001153,train
sgfr-004344,train
sgfr-003344,train
sgfr-004454,train
sgfr-003685,train
sgfr-000731,train
sgfr-000371,train
sgfr-000076,train
sgfr-004763,train
sgfr-005252,train
sgfr-002945,train
sgfr-004805,train
sgfr-004545,train
sgfr-001202,train
sgfr-003972,train
sgfr-000902,train
sgfr-001365,train
sgfr-003814,train
sgfr-004936,train
sgfr-000151,train
sgfr-000894,train
sgfr-005233,train
sgfr-002434,train
sgfr-000214,train
sgfr-003026,train
sgfr-004780,train
sgfr-001102,train
sgfr-000439,train
sgfr-005195,train
sgfr-002141,train
sgfr-002189,train
sgfr-002986,train
sgfr-002600,train
sgfr-002083,train
sgfr-000178,train
sgfr-000230,train
sgfr-004182,train
sgfr-004216,train
sgfr-005000,train
sgfr-004161,train
sgfr-000525,train
sgfr-004937,train
sgfr-001287,train
sgfr-000997,train
sgfr-000893,train
sgfr-004205,train
sgfr-001574,train
sgfr-001756,train
sgfr-003024,train
sgfr-002603,train
sgfr-001149,train
sgfr-002039,train
sgfr-002160,train
sgfr-004429,train
sgfr-004730,train
sgfr-003102,train
sgfr-004463,train
sgfr-002467,train
sgfr-003902,train
sgfr-000660,train
sgfr-003218,train
sgfr-002788,train
sgfr-000270,train
sgfr-003863,train
sgfr-003186,train
sgfr-002639,train
sgfr-001203,train
sgfr-005017,train
sgfr-004108,train
sgfr-002814,train
sgfr-002946,train
sgfr-000401,train
sgfr-003783,train
sgfr-004303,train
sgfr-005413,train
sgfr-002442,train
sgfr-003956,train
sgfr-005431,train
sgfr-001817,train
sgfr-002412,train
sgfr-001804,train
sgfr-000631,train
sgfr-002130,train
sgfr-002185,train
sgfr-001930,train
sgfr-002861,train
sgfr-001275,train
sgfr-004785,train
sgfr-000209,train
sgfr-003736,train
sgfr-003861,train
sgfr-005143,train
sgfr-002527,train
sgfr-001839,train
sgfr-000009,train
sgfr-004818,train
sgfr-005275,train
sgfr-004929,train
sgfr-001170,train
sgfr-005125,train
sgfr-002934,train
sgfr-002224,train
sgfr-000663,train
sgfr-003592,train
sgfr-003221,train
sgfr-000134,train
sgfr-001010,train
sgfr-004751,train
sgfr-004134,train
sgfr-003807,train
sgfr-002381,train
sgfr-001422,train
sgfr-005212,train
sgfr-000514,train
sgfr-004111,train
sgfr-004273,train
sgfr-002976,train
sgfr-001561,train
sgfr-001592,train
sgfr-000784,train
sgfr-002774,train
sgfr-002411,train
sgfr-004100,train
sgfr-005152,train
sgfr-004980,train
sgfr-002730,train
sgfr-001553,train
sgfr-002282,train
sgfr-000131,train
sgfr-005146,train
sgfr-003355,train
sgfr-001845,train
sgfr-003500,train
sgfr-002152,train
sgfr-003044,train
sgfr-004680,train
sgfr-000750,train
sgfr-002516,train
sgfr-003931,train
sgfr-000459,train
sgfr-004599,train
sgfr-004953,train
sgfr-002514,train
sgfr-003537,train
sgfr-001814,train
sgfr-004793,train
sgfr-003252,train
sgfr-004159,train
sgfr-001868,train
sgfr-003196,train
sgfr-001023,train
sgfr-005398,train
sgfr-003169,train
sgfr-004420,train
sgfr-004248,train
sgfr-004065,train
sgfr-001726,train
sgfr-003724,train
sgfr-002883,train
sgfr-000102,train
sgfr-001471,train
sgfr-004451,train
sgfr-005396,train
sgfr-005267,train
sgfr-003813,train
sgfr-001000,train
sgfr-003146,train
sgfr-003053,train
sgfr-001578,train
sgfr-005177,train
sgfr-005364,train
sgfr-002954,train
sgfr-005548,train
sgfr-001296,train
sgfr-005060,train
sgfr-001611,train
sgfr-004510,train
sgfr-003211,train
sgfr-005416,train
sgfr-001135,train
sgfr-004800,train
sgfr-000728,train
sgfr-000471,train
sgfr-003008,train
sgfr-003510,train
sgfr-000555,train
sgfr-004268,train
sgfr-002432,train
sgfr-003258,train
sgfr-003467,train
sgfr-002859,train
sgfr-002647,train
sgfr-004485,train
sgfr-004747,train
sgfr-000252,train
sgfr-001955,train
sgfr-002293,train
sgfr-004542,train
sgfr-002675,train
sgfr-002000,train
sgfr-000634,train
sgfr-003974,train
sgfr-005482,train
sgfr-003410,train
sgfr-002916,train
sgfr-005411,train
sgfr-001018,train
sgfr-000220,train
sgfr-005078,train
sgfr-005265,train
sgfr-001241,train
sgfr-002948,train
sgfr-004516,train
sgfr-002491,train
sgfr-003223,train
sgfr-000647,train
sgfr-003531,train
sgfr-000699,train
sgfr-003245,train
sgfr-003129,train
sgfr-005377,train
sgfr-000406,train
sgfr-001808,train
sgfr-001280,train
sgfr-002551,train
sgfr-003436,train
sgfr-000628,train
sgfr-003046,train
sgfr-002568,train
sgfr-002867,train
sgfr-004439,train
sgfr-005453,train
sgfr-001897,train
sgfr-001729,train
sgfr-005204,train
sgfr-000378,train
sgfr-001590,train
sgfr-000871,train
sgfr-000089,train
sgfr-004993,train
sgfr-000988,train
sgfr-005525,train
sgfr-000504,train
sgfr-001453,train
sgfr-004280,train
sgfr-005294,train
sgfr-003140,train
sgfr-000917,train
sgfr-001024,train
sgfr-000859,train
sgfr-004590,train
sgfr-003686,train
sgfr-000949,train
sgfr-001419,train
sgfr-003703,train
sgfr-001741,train
sgfr-000933,train
sgfr-001917,train
sgfr-001336,train
sgfr-002006,train
sgfr-000977,train
sgfr-004711,train
sgfr-003691,train
sgfr-004620,train
sgfr-004533,train
sgfr-001174,train
sgfr-004177,train
sgfr-003164,train
sgfr-001487,train
sgfr-001350,train
sgfr-002217,train
sgfr-002886,train
sgfr-004795,train
sgfr-001187,train
sgfr-001733,train
sgfr-000211,train
sgfr-002722,train
sgfr-001520,train
sgfr-001679,train
sgfr-005230,train
sgfr-003682,train
sgfr-002121,train
sgfr-000803,train
sgfr-005473,train
sgfr-003259,train
sgfr-003134,train
sgfr-002177,train
sgfr-002062,train
sgfr-000715,train
sgfr-004401,train
sgfr-005065,train
sgfr-001211,train
sgfr-000639,train
sgfr-004178,train
sgfr-004968,train
sgfr-000254,train
sgfr-002167,train
sgfr-003485,train
sgfr-002633,train
sgfr-000782,train
sgfr-002783,train
sgfr-001522,train
sgfr-002055,train
sgfr-003275,train
sgfr-004247,train
sgfr-003093,train
sgfr-002142,train
sgfr-001853,train
sgfr-004021,train
sgfr-000942,train
sgfr-001445,train
sgfr-001402,train
sgfr-001441,train
sgfr-000959,train
sgfr-001060,train
sgfr-002231,train
sgfr-003076,train
sgfr-002753,train
sgfr-003199,train
sgfr-002333,train
sgfr-000164,train
sgfr-004058,train
sgfr-001906,train
sgfr-002539,train
sgfr-004071,train
sgfr-001559,train
sgfr-001671,train
sgfr-004966,train
sgfr-000773,train
sgfr-000468,train
sgfr-000737,train
sgfr-002672,train
sgfr-002755,train
sgfr-001802,train
sgfr-004814,train
sgfr-004319,train
sgfr-001035,train
sgfr-000527,train
sgfr-002772,train
sgfr-001191,train
sgfr-003384,train
sgfr-003718,train
sgfr-002726,train
sgfr-001299,train
sgfr-003864,train
sgfr-004188,train
sgfr-003505,train
sgfr-005545,train
sgfr-005433,train
sgfr-002538,train
sgfr-001481,train
sgfr-000382,train
sgfr-003870,train
sgfr-001368,train
sgfr-001489,train
sgfr-004722,train
sgfr-002835,train
sgfr-002873,train
sgfr-000515,train
sgfr-003775,train
sgfr-003877,train
sgfr-002951,train
sgfr-002348,train
sgfr-000483,train
sgfr-001144,train
sgfr-001145,train
sgfr-001261,train
sgfr-003578,train
sgfr-004614,train
sgfr-002488,train
sgfr-003711,train
sgfr-005320,train
sgfr-004060,train
sgfr-003071,train
sgfr-004077,train
sgfr-000915,train
sgfr-001121,train
sgfr-000002,train
sgfr-002274,train
sgfr-001394,train
sgfr-000105,train
sgfr-004586,train
sgfr-002115,train
sgfr-003254,train
sgfr-002194,train
sgfr-001466,train
sgfr-003433,train
sgfr-001730,train
sgfr-002078,train
sgfr-000299,train
sgfr-002504,train
sgfr-003996,train
sgfr-001429,train
sgfr-003478,train
sgfr-004994,train
sgfr-003375,train
sgfr-003843,train
sgfr-003568,train
sgfr-002841,train
sgfr-002583,train
sgfr-003650,train
sgfr-002671,train
sgfr-000814,train
sgfr-004230,train
sgfr-002776,train
sgfr-003567,train
sgfr-004187,train
sgfr-005567,train
sgfr-000625,train
sgfr-000354,train
sgfr-002011,train
sgfr-002251,train
sgfr-003201,train
sgfr-003898,train
sgfr-001131,train
sgfr-003415,train
sgfr-003930,train
sgfr-003504,train
sgfr-002101,train
sgfr-004658,train
sgfr-004059,train
sgfr-001847,train
sgfr-003903,train
sgfr-001324,train
sgfr-002085,train
sgfr-004034,train
sgfr-005072,train
sgfr-000373,train
sgfr-005156,train
sgfr-000568,train
sgfr-000260,train
sgfr-000156,train
sgfr-001263,train
sgfr-001997,train
sgfr-002767,train
sgfr-001449,train
sgfr-005048,train
sgfr-005324,train
sgfr-000421,train
sgfr-004476,train
sgfr-003740,train
sgfr-001012,train
sgfr-004478,train
sgfr-001494,train
sgfr-003367,train
sgfr-001217,train
sgfr-003562,train
sgfr-000285,train
sgfr-001425,train
sgfr-000877,train
sgfr-002907,train
sgfr-003086,train
sgfr-003616,train
sgfr-003337,train
sgfr-000788,train
sgfr-003566,train
sgfr-005089,train
sgfr-000251,train
sgfr-005391,train
sgfr-004340,train
sgfr-004524,train
sgfr-002787,train
sgfr-002429,train
sgfr-004749,train
sgfr-000386,train
sgfr-001378,train
sgfr-000067,train
sgfr-004223,train
sgfr-001689,train
sgfr-001264,train
sgfr-001617,train
sgfr-004382,train
sgfr-002627,train
sgfr-004239,train
sgfr-000643,train
sgfr-002043,train
sgfr-002329,train
sgfr-002474,train
sgfr-005198,train
sgfr-001480,train
sgfr-000860,train
sgfr-004717,train
sgfr-004559,train
sgfr-002401,train
sgfr-000582,train
sgfr-002258,train
sgfr-003293,train
sgfr-002980,train
sgfr-002330,train
sgfr-004175,train
sgfr-004145,train
sgfr-002533,train
sgfr-002510,train
sgfr-001554,train
sgfr-004347,train
sgfr-001849,train
sgfr-005043,train
sgfr-003203,train
sgfr-000300,train
sgfr-000541,train
sgfr-005256,train
sgfr-003268,train
sgfr-002113,train
sgfr-002430,train
sgfr-000614,train
sgfr-000189,train
sgfr-002619,train
sgfr-000290,train
sgfr-004756,train
sgfr-005382,train
sgfr-003121,train
sgfr-004256,train
sgfr-002441,train
sgfr-000982,train
sgfr-004511,train
sgfr-000840,train
sgfr-003596,train
sgfr-001210,train
sgfr-001421,train
sgfr-004764,train
sgfr-004971,train
sgfr-005563,train
sgfr-004166,train
sgfr-004351,train
sgfr-004397,train
sgfr-005370,train
sgfr-002192,train
sgfr-000972,train
sgfr-000041,train
sgfr-004926,train
sgfr-002608,train
sgfr-003241,train
sgfr-003530,train
sgfr-005540,train
sgfr-004102,train
sgfr-003312,train
sgfr-005151,train
sgfr-000476,train
sgfr-005157,train
sgfr-003712,train
sgfr-002758,train
sgfr-004193,train
sgfr-000309,train
sgfr-002259,train
sgfr-001337,train
sgfr-002503,train
sgfr-001351,train
sgfr-003659,train
sgfr-004526,train
sgfr-000960,train
sgfr-001455,train
sgfr-000372,train
sgfr-003923,train
sgfr-001430,train
sgfr-001685,train
sgfr-004487,train
sgfr-004613,train
sgfr-000367,train
sgfr-002255,train
sgfr-005400,train
sgfr-000124,train
sgfr-004539,train
sgfr-000458,train
sgfr-001901,train
sgfr-001933,train
sgfr-001424,train
sgfr-002869,train
sgfr-000593,train
sgfr-003001,train
sgfr-002193,train
sgfr-000979,train
sgfr-000210,train
sgfr-002780,train
sgfr-002807,train
sgfr-004688,train
sgfr-001727,train
sgfr-000912,train
sgfr-005262,train
sgfr-000157,train
sgfr-003664,train
sgfr-002335,train
sgfr-005209,train
sgfr-000863,train
sgfr-003343,train
sgfr-002614,train
sgfr-000073,train
sgfr-001256,train
sgfr-003750,train
sgfr-003287,train
sgfr-002556,train
sgfr-001124,train
sgfr-000133,train
sgfr-005424,train
sgfr-001022,train
sgfr-002361,train
sgfr-000636,train
sgfr-000611,train
sgfr-000870,train
sgfr-004837,train
sgfr-001420,train
sgfr-000452,train
sgfr-004925,train
sgfr-003482,train
sgfr-002947,train
sgfr-000284,train
sgfr-004612,train
sgfr-004156,train
sgfr-004865,train
sgfr-002684,train
sgfr-002622,train
sgfr-001115,train
sgfr-003262,train
sgfr-002828,train
sgfr-002271,train
sgfr-000708,train
sgfr-004249,train
sgfr-004593,train
sgfr-004908,train
sgfr-004032,train
sgfr-004672,train
sgfr-004952,train
sgfr-001662,train
sgfr-000286,train
sgfr-002710,train
sgfr-002226,train
sgfr-004713,train
sgfr-002004,train
sgfr-001111,train
sgfr-005439,train
sgfr-001096,train
sgfr-000128,train
sgfr-001490,train
sgfr-002295,train
sgfr-000186,train
sgfr-004985,train
sgfr-002164,train
sgfr-001943,train
sgfr-002320,train
sgfr-004404,train
sgfr-003023,train
sgfr-003524,train
sgfr-003550,train
sgfr-003542,train
sgfr-001086,train
sgfr-001272,train
sgfr-001031,train
sgfr-001888,train
sgfr-003407,train
sgfr-004871,train
sgfr-000542,train
sgfr-002294,train
sgfr-003949,train
sgfr-004047,train
sgfr-002915,train
sgfr-000802,train
sgfr-000298,train
sgfr-001787,train
sgfr-004358,train
sgfr-005330,train
sgfr-003496,train
sgfr-002824,train
sgfr-005527,train
sgfr-002733,train
sgfr-002750,train
sgfr-004005,train
sgfr-004387,train
sgfr-000818,train
sgfr-005276,train
sgfr-000834,train
sgfr-003869,train
sgfr-004702,train
sgfr-000171,train
sgfr-000526,train
sgfr-001534,train
sgfr-001370,train
sgfr-002562,train
sgfr-000472,train
sgfr-005322,train
sgfr-003397,train
sgfr-005443,train
sgfr-004572,train
sgfr-002798,train
sgfr-003166,train
sgfr-001076,train
sgfr-004009,train
sgfr-004647,train
sgfr-002386,train
sgfr-002502,train
sgfr-004861,train
sgfr-004909,train
sgfr-001101,train
sgfr-004337,train
sgfr-001297,train
sgfr-001138,train
sgfr-002958,train
sgfr-001615,train
sgfr-001208,train
sgfr-001952,train
sgfr-004306,train
sgfr-000705,train
sgfr-002086,train
sgfr-002219,train
sgfr-001961,train
sgfr-003673,train
sgfr-004185,train
sgfr-005173,train
sgfr-003114,train
sgfr-005532,train
sgfr-003679,train
sgfr-001316,train
sgfr-000280,train
sgfr-003765,train
sgfr-004422,train
sgfr-002557,train
sgfr-005367,train
sgfr-001440,train
sgfr-000053,train
sgfr-000007,train
sgfr-000624,train
sgfr-002811,train
sgfr-004438,train
sgfr-001815,train
sgfr-000407,train
sgfr-004946,train
sgfr-002032,train
sgfr-004197,train
sgfr-004581,train
sgfr-002993,train
sgfr-000370,train
sgfr-001799,train
sgfr-000113,train
sgfr-003888,train
sgfr-004915,train
sgfr-004246,train
sgfr-004112,train
sgfr-003624,train
sgfr-004770,train
sgfr-003720,train
sgfr-005319,train
sgfr-002572,train
sgfr-001103,train
sgfr-004664,train
sgfr-002158,train
sgfr-005032,train
sgfr-004689,train
sgfr-003714,train
sgfr-004757,train
sgfr-002149,train
sgfr-001911,train
sgfr-001224,train
sgfr-002484,train
sgfr-000629,train
sgfr-002818,train
sgfr-000823,train
sgfr-000022,train
sgfr-004075,train
sgfr-002966,train
sgfr-001065,train
sgfr-002956,train
sgfr-005218,train
sgfr-000475,train
sgfr-005231,train
sgfr-003098,train
sgfr-004532,train
sgfr-005445,train
sgfr-003161,train
sgfr-002107,train
sgfr-004430,train
sgfr-001523,train
sgfr-001555,train
sgfr-002003,train
sgfr-005001,train
sgfr-001936,train
sgfr-000670,train
sgfr-002705,train
sgfr-000467,train
sgfr-000817,train
sgfr-002209,train
sgfr-001033,train
sgfr-001939,train
sgfr-003016,train
sgfr-005178,train
sgfr-002631,train
sgfr-001363,train
sgfr-005463,train
sgfr-002616,train
sgfr-001609,train
sgfr-004535,train
sgfr-005406,train
sgfr-004424,train
sgfr-003328,train
sgfr-002844,train
sgfr-005503,train
sgfr-004155,train
sgfr-001345,train
sgfr-002703,train
sgfr-003426,train
sgfr-002882,train
sgfr-001861,train
sgfr-004312,train
sgfr-001858,train
sgfr-000215,train
sgfr-003330,train
sgfr-000537,train
sgfr-000899,train
sgfr-002341,train
sgfr-000338,train
sgfr-002212,train
sgfr-004037,train
sgfr-001278,train
sgfr-002523,train
sgfr-002905,train
sgfr-004469,train
sgfr-003127,train
sgfr-003583,train
sgfr-002566,train
sgfr-001064,train
sgfr-000017,train
sgfr-001037,train
sgfr-005079,train
sgfr-001971,train
sgfr-000328,train
sgfr-000038,train
sgfr-003909,train
sgfr-003668,train
sgfr-004332,train
sgfr-005207,train
sgfr-003991,train
sgfr-002353,train
sgfr-002084,train
sgfr-002536,train
sgfr-000068,train
sgfr-005350,train
sgfr-005515,train
sgfr-004369,train
sgfr-002425,train
sgfr-000325,train
sgfr-000219,train
sgfr-001657,train
sgfr-001362,train
sgfr-001326,train
sgfr-000347,train
sgfr-000968,train
sgfr-001328,train
sgfr-000653,train
sgfr-004674,train
sgfr-002443,train
sgfr-000551,train
sgfr-001946,train
sgfr-003007,train
sgfr-005227,train
sgfr-001606,train
sgfr-003554,train
sgfr-000627,train
sgfr-000212,train
sgfr-004955,train
sgfr-004225,train
sgfr-001265,train
sgfr-001560,train
sgfr-001008,train
sgfr-000882,train
sgfr-002823,train
sgfr-000121,train
sgfr-005327,train
sgfr-000953,train
sgfr-004470,train
sgfr-004286,train
sgfr-000473,train
sgfr-005186,train
sgfr-004226,train
sgfr-003935,train
sgfr-005066,train
sgfr-002116,train
sgfr-004563,train
sgfr-001819,train
sgfr-000039,train
sgfr-004964,train
sgfr-001222,train
sgfr-005340,train
sgfr-002398,train
sgfr-000175,train
sgfr-004377,train
sgfr-004264,train
sgfr-004453,train
sgfr-004512,train
sgfr-002545,train
sgfr-000666,train
sgfr-000743,train
sgfr-000188,train
sgfr-003555,train
sgfr-003139,train
sgfr-005133,train
sgfr-001661,train
sgfr-001732,train
sgfr-002917,train
sgfr-001499,train
sgfr-000659,train
sgfr-000995,train
sgfr-004931,train
sgfr-001229,train
sgfr-001704,train
sgfr-000168,train
sgfr-000349,train
sgfr-001920,train
sgfr-002382,train
sgfr-004094,train
sgfr-004038,train
sgfr-003970,train
sgfr-005047,train
sgfr-001168,train
sgfr-000548,train
sgfr-004981,train
sgfr-001677,train
sgfr-001982,train
sgfr-005221,train
sgfr-004691,train
sgfr-005331,train
sgfr-003264,train
sgfr-002087,train
sgfr-001696,train
sgfr-000585,train
sgfr-002851,train
sgfr-001775,train
sgfr-004097,train
sgfr-002724,train
sgfr-001277,train
sgfr-002822,train
sgfr-000502,train
sgfr-003604,train
sgfr-003082,train
sgfr-002896,train
sgfr-003183,train
sgfr-003839,train
sgfr-001388,train
sgfr-003111,train
sgfr-000566,train
sgfr-001486,train
sgfr-001722,train
sgfr-002409,train
sgfr-003124,train
sgfr-004192,train
sgfr-003038,train
sgfr-002310,train
sgfr-000348,train
sgfr-003321,train
sgfr-004492,train
sgfr-000323,train
sgfr-004320,train
sgfr-001155,train
sgfr-004617,train
sgfr-001418,train
sgfr-005293,train
sgfr-001325,train
sgfr-005312,train
sgfr-003497,train
sgfr-002802,train
sgfr-002757,train
sgfr-003376,train
sgfr-002233,train
sgfr-002821,train
sgfr-000213,train
sgfr-004829,train
sgfr-000719,train
sgfr-000278,train
sgfr-000498,train
sgfr-001055,train
sgfr-003993,train
sgfr-002965,train
sgfr-001735,train
sgfr-003727,train
sgfr-002779,train
sgfr-004957,train
sgfr-002743,train
sgfr-000100,train
sgfr-003573,train
sgfr-000509,train
sgfr-002784,train
sgfr-004353,train
sgfr-004217,train
sgfr-003443,train
sgfr-003340,train
sgfr-003819,train
sgfr-001824,train
sgfr-004900,train
sgfr-001865,train
sgfr-002223,train
sgfr-003391,train
sgfr-000828,train
sgfr-000025,train
sgfr-002072,train
sgfr-004253,train
sgfr-002020,train
sgfr-002228,train
sgfr-004395,train
sgfr-001262,train
sgfr-003884,train
sgfr-004726,train
sgfr-003557,train
sgfr-003523,train
sgfr-002150,train
sgfr-004707,train
sgfr-004643,train
sgfr-001148,train
sgfr-001167,train
sgfr-000681,train
sgfr-000620,train
sgfr-004343,train
sgfr-005404,train
sgfr-000343,train
sgfr-004921,train
sgfr-003980,train
sgfr-001782,train
sgfr-003063,train
sgfr-005243,train
sgfr-004212,train
sgfr-004873,train
sgfr-000394,train
sgfr-000844,train
sgfr-003958,train
sgfr-002369,train
sgfr-003233,train
sgfr-000438,train
sgfr-001165,train
sgfr-004802,train
sgfr-001866,train
sgfr-004025,train
sgfr-004118,train
sgfr-003078,train
sgfr-001530,train
sgfr-004596,train
sgfr-001047,train
sgfr-005383,train
sgfr-000691,train
sgfr-001070,train
sgfr-005530,train
sgfr-004149,train
sgfr-002974,train
sgfr-002418,train
sgfr-000975,train
sgfr-003419,train
sgfr-001323,train
sgfr-005388,train
sgfr-001404,train
sgfr-001805,train
sgfr-004354,train
sgfr-000794,train
sgfr-001712,train
sgfr-005211,train
sgfr-004651,train
sgfr-000329,train
sgfr-001521,train
sgfr-005491,train
sgfr-000544,train
sgfr-004493,train
sgfr-005299,train
sgfr-000104,train
sgfr-001632,train
sgfr-002161,train
sgfr-002324,train
sgfr-002895,train
sgfr-002706,train
sgfr-000351,train
sgfr-005289,train
sgfr-002623,train
sgfr-001171,train
sgfr-001638,train
sgfr-004220,train
sgfr-000488,train
sgfr-000201,train
sgfr-005056,train
sgfr-001053,train
sgfr-004934,train
sgfr-001513,train
sgfr-003690,train
sgfr-000277,train
sgfr-003515,train
sgfr-002343,train
sgfr-000231,train
sgfr-003226,train
sgfr-001737,train
sgfr-002313,train
sgfr-001618,train
sgfr-005101,train
sgfr-003774,train
sgfr-002183,train
sgfr-000674,train
sgfr-001205,train
sgfr-005261,train
sgfr-001811,train
sgfr-004283,train
sgfr-004133,train
sgfr-001195,train
sgfr-002637,train
sgfr-005112,train
sgfr-000889,train
sgfr-004716,train
sgfr-002577,train
sgfr-003154,train
sgfr-000783,train
sgfr-003464,train
sgfr-002284,train
sgfr-002428,train
sgfr-004415,train
sgfr-000086,train
sgfr-003225,train
sgfr-004527,train
sgfr-004151,train
sgfr-002472,train
sgfr-001057,train
sgfr-001919,train
sgfr-000848,train
sgfr-002687,train
sgfr-001399,train
sgfr-005520,train
sgfr-005568,train
sgfr-001005,train
sgfr-001552,train
sgfr-000289,train
sgfr-004215,train
sgfr-001458,train
sgfr-000874,train
sgfr-000635,train
sgfr-000862,test
sgfr-002663,test
sgfr-005194,test
sgfr-004211,test
sgfr-003623,test
sgfr-000118,test
sgfr-001831,test
sgfr-003527,test
sgfr-004183,test
sgfr-002573,test
sgfr-003423,test
sgfr-000857,test
sgfr-001243,test
sgfr-001502,test
sgfr-002250,test
sgfr-004043,test
sgfr-001046,test
sgfr-000429,test
sgfr-001992,test
sgfr-004852,test
sgfr-000741,test
sgfr-000839,test
sgfr-000684,test
sgfr-005181,test
sgfr-003823,test
sgfr-004913,test
sgfr-001026,test
sgfr-004766,test
sgfr-001470,test
sgfr-005472,test
sgfr-005514,test
sgfr-005149,test
sgfr-002961,test
sgfr-004789,test
sgfr-003347,test
sgfr-003286,test
sgfr-004001,test
sgfr-001177,test
sgfr-003345,test
sgfr-003948,test
sgfr-005123,test
sgfr-005038,test
sgfr-001309,test
sgfr-003865,test
sgfr-000301,test
sgfr-005511,test
sgfr-000722,test
sgfr-001220,test
sgfr-001503,test
sgfr-003516,test
sgfr-002752,test
sgfr-003479,test
sgfr-003821,test
sgfr-000288,test
sgfr-002634,test
sgfr-005459,test
sgfr-003431,test
sgfr-004856,test
sgfr-003754,test
sgfr-000967,test
sgfr-004977,test
sgfr-001245,test
sgfr-004525,test
sgfr-004179,test
sgfr-001428,test
sgfr-000196,test
sgfr-005326,test
sgfr-001844,test
sgfr-001353,test
sgfr-004907,test
sgfr-004367,test
sgfr-003444,test
sgfr-003919,test
sgfr-003808,test
sgfr-004148,test
sgfr-002667,test
sgfr-000075,test
sgfr-000733,test
sgfr-004017,test
sgfr-001857,test
sgfr-003744,test
sgfr-004569,test
sgfr-002769,test
sgfr-003511,test
sgfr-000535,test
sgfr-001406,test
sgfr-000318,test
sgfr-000986,test
sgfr-002641,test
sgfr-000921,test
sgfr-000024,test
sgfr-005088,test
sgfr-004933,test
sgfr-004678,test
sgfr-004413,test
sgfr-003435,test
sgfr-000519,test
sgfr-000584,test
sgfr-002232,test
sgfr-004110,test
sgfr-002392,test
sgfr-003412,test
sgfr-003760,test
sgfr-005421,test
sgfr-001912,test
sgfr-004697,test
sgfr-000577,test
sgfr-001951,test
sgfr-000609,test
sgfr-002051,test
sgfr-004407,test
sgfr-000532,test
sgfr-004611,test
sgfr-005259,test
sgfr-003116,test
sgfr-003844,test
sgfr-000170,test
sgfr-001672,test
sgfr-003034,test
sgfr-001473,test
sgfr-004084,test
sgfr-004150,test
sgfr-002002,test
sgfr-001372,test
sgfr-001743,test
sgfr-003541,test
sgfr-004081,test
sgfr-001247,test
sgfr-003817,test
sgfr-004874,test
sgfr-003270,test
sgfr-003438,test
sgfr-000070,test
sgfr-005378,test
sgfr-003692,test
sgfr-004328,test
sgfr-003633,test
sgfr-002426,test
sgfr-001036,test
sgfr-001442,test
sgfr-003761,test
sgfr-001784,test
sgfr-001306,test
sgfr-000640,test
sgfr-003577,test
sgfr-001771,test
sgfr-002690,test
sgfr-001625,test
sgfr-001113,test
sgfr-003281,test
sgfr-001414,test
sgfr-004020,test
sgfr-003590,test
sgfr-002537,test
sgfr-000451,test
sgfr-005202,test
sgfr-002789,test
sgfr-004692,test
sgfr-000036,test
sgfr-001238,test
sgfr-003042,test
sgfr-003818,test
sgfr-003910,test
sgfr-000258,test
sgfr-004288,test
sgfr-000427,test
sgfr-005223,test
sgfr-002543,test
sgfr-000682,test
sgfr-002359,test
sgfr-002198,test
sgfr-003470,test
sgfr-004571,test
sgfr-000811,test
sgfr-001526,test
sgfr-003390,test
sgfr-002781,test
sgfr-002289,test
sgfr-003786,test
sgfr-000470,test
sgfr-000333,test
sgfr-004029,test
sgfr-004488,test
sgfr-001683,test
sgfr-000228,test
sgfr-003451,test
sgfr-003095,test
sgfr-001300,test
sgfr-004294,test
sgfr-002507,test
sgfr-004287,test
sgfr-001457,test
sgfr-000554,test
sgfr-000558,test
sgfr-000303,test
sgfr-005199,test
sgfr-005542,test
sgfr-005446,test
sgfr-000923,test
sgfr-002863,test
sgfr-000897,test
sgfr-001767,test
sgfr-005064,test
sgfr-002656,test
sgfr-000195,test
sgfr-000389,test
sgfr-002971,test
sgfr-005187,test
sgfr-001080,test
sgfr-003409,test
sgfr-004896,test
sgfr-001899,test
sgfr-003329,test
sgfr-004153,test
sgfr-003551,test
sgfr-004986,test
sgfr-004992,test
sgfr-004416,test
sgfr-004844,test
sgfr-004899,test
sgfr-003584,test
sgfr-001500,test
sgfr-000754,test
sgfr-000081,test
sgfr-004588,test
sgfr-001289,test
sgfr-001630,test
sgfr-001687,test
sgfr-005337,test
sgfr-001841,test
sgfr-004739,test
sgfr-004942,test
sgfr-002983,test
sgfr-004033,test
sgfr-000756,test
sgfr-002923,test
sgfr-002038,test
sgfr-003945,test
sgfr-001232,test
sgfr-002406,test
sgfr-000531,test
sgfr-000052,test
sgfr-005338,test
sgfr-004608,test
sgfr-002988,test
sgfr-003195,test
sgfr-002014,test
sgfr-003299,test
sgfr-003307,test
sgfr-005062,test
sgfr-004144,test
sgfr-003294,test
sgfr-001622,test
sgfr-001896,test
sgfr-003732,test
sgfr-001052,test
sgfr-001566,test
sgfr-005086,test
sgfr-001701,test
sgfr-001308,test
sgfr-002034,test
sgfr-005468,test
sgfr-003588,test
sgfr-005489,test
sgfr-001993,test
sgfr-004862,test
sgfr-004313,test
sgfr-004297,test
sgfr-001668,test
sgfr-000445,test
sgfr-000578,test
sgfr-004600,test
sgfr-001562,test
sgfr-001331,test
sgfr-002391,test
sgfr-000048,test
sgfr-004052,test
sgfr-001405,test
sgfr-002405,test
sgfr-004270,test
sgfr-000462,test
sgfr-002796,test
sgfr-003260,test
sgfr-002480,test
sgfr-002408,test
sgfr-001548,test
sgfr-002597,test
sgfr-001266,test
sgfr-002013,test
sgfr-001049,test
sgfr-003644,test
sgfr-000077,test
sgfr-001498,test
sgfr-004816,test
sgfr-005002,test
sgfr-002147,test
sgfr-003850,test
sgfr-000819,test
sgfr-004384,test
sgfr-001791,test
sgfr-002288,test
sgfr-004143,test
sgfr-003621,test
sgfr-004307,test
sgfr-000615,test
sgfr-002018,test
sgfr-003054,test
sgfr-002911,test
sgfr-005307,test
sgfr-003383,test
sgfr-001797,test
sgfr-000994,test
sgfr-000950,test
sgfr-000385,test
sgfr-001842,test
sgfr-002612,test
sgfr-004213,test
sgfr-003900,test
sgfr-002657,test
sgfr-002925,test
sgfr-002306,test
sgfr-003191,test
sgfr-001183,test
sgfr-003643,test
sgfr-001635,test
sgfr-004745,test
sgfr-004321,test
sgfr-003141,test
sgfr-002200,test
sgfr-002489,test
sgfr-003607,test
sgfr-002225,test
sgfr-004976,test
sgfr-002227,test
sgfr-004176,test
sgfr-003999,test
sgfr-005057,test
sgfr-004326,test
sgfr-002748,test
sgfr-000267,test
sgfr-000829,test
sgfr-000443,test
sgfr-005107,test
sgfr-000016,test
sgfr-004383,test
sgfr-001870,test
sgfr-000677,test
sgfr-004973,test
sgfr-002029,test
sgfr-003205,test
sgfr-004411,test
sgfr-003284,test
sgfr-003339,test
sgfr-000846,test
sgfr-001976,test
sgfr-005300,test
sgfr-002471,test
sgfr-004676,test
sgfr-004641,test
sgfr-004272,test
sgfr-001028,test
sgfr-005128,test
sgfr-002202,test
sgfr-004783,test
sgfr-001472,test
sgfr-000924,test
sgfr-002495,test
sgfr-004180,test
sgfr-002283,test
sgfr-001469,test
sgfr-001855,test
sgfr-003990,test
sgfr-004736,test
sgfr-004241,test
sgfr-002339,test
sgfr-004048,test
sgfr-001157,test
sgfr-004738,test
sgfr-005210,test
sgfr-001452,test
sgfr-001159,test
sgfr-004234,test
sgfr-004298,test
sgfr-002380,test
sgfr-001393,test
sgfr-003474,test
sgfr-000465,test
sgfr-004877,test
sgfr-004824,test
sgfr-001125,test
sgfr-000932,test
sgfr-005498,test
sgfr-004257,test
sgfr-000563,test
sgfr-001840,test
sgfr-005334,test
sgfr-003663,test
sgfr-000724,test
sgfr-001745,test
sgfr-000622,test
sgfr-000600,test
sgfr-003429,test
sgfr-005372,test
sgfr-003574,test
sgfr-005200,test
sgfr-005564,test
sgfr-003126,test
sgfr-002615,test
sgfr-000597,test
sgfr-004644,test
sgfr-001995,test
sgfr-001676,test
sgfr-002241,test
sgfr-002048,test
sgfr-003190,test
sgfr-002680,test
sgfr-002836,test
sgfr-002221,test
sgfr-000938,test
sgfr-005436,test
sgfr-001162,test
sgfr-003989,test
sgfr-000999,test
sgfr-003147,test
sgfr-003665,test
sgfr-002490,test
sgfr-000083,test
sgfr-004662,test
sgfr-005027,test
sgfr-000152,test
sgfr-002890,test
sgfr-002027,test
sgfr-005513,test
sgfr-005328,test
sgfr-000158,test
sgfr-000898,test
sgfr-001972,test
sgfr-003825,test
sgfr-001029,test
sgfr-003847,test
sgfr-003889,test
sgfr-000208,test
sgfr-004339,test
sgfr-005526,test
sgfr-002184,test
sgfr-000845,test
sgfr-003880,test
sgfr-002729,test
sgfr-003840,test
sgfr-002126,test
sgfr-001423,test
sgfr-003301,test
sgfr-001061,test
sgfr-004755,test
sgfr-003461,test
sgfr-003652,test
sgfr-001408,test
sgfr-001084,test
sgfr-000368,test
sgfr-002919,test
sgfr-000919,test
sgfr-004791,test
sgfr-000759,test
sgfr-003378,test
sgfr-004768,test
sgfr-002520,test
sgfr-000110,test
sgfr-001608,test
sgfr-004346,test
sgfr-000361,test
sgfr-000237,test
sgfr-005068,test
sgfr-003097,test
sgfr-001156,test
sgfr-002585,test
sgfr-001892,test
sgfr-003475,test
sgfr-002303,test
sgfr-004067,test
sgfr-004659,test
sgfr-002674,test
sgfr-003348,test
sgfr-003128,test
sgfr-002479,test
sgfr-003310,test
sgfr-000245,test
sgfr-001412,test
sgfr-000243,test
sgfr-005555,test
sgfr-000044,test
sgfr-002036,test
sgfr-002941,test
sgfr-005005,test
sgfr-003079,test
sgfr-002169,test
sgfr-000046,test
sgfr-002468,test
sgfr-003192,test
sgfr-001929,test
sgfr-003851,test
sgfr-000621,test
sgfr-002548,test
sgfr-004827,test
sgfr-002419,test
sgfr-005402,test
sgfr-003386,test
sgfr-000008,test
sgfr-003358,test
sgfr-001227,test
sgfr-002347,test
sgfr-000772,test
sgfr-000883,test
sgfr-003499,test
sgfr-001373,test
sgfr-005136,test
sgfr-004417,test
sgfr-004965,test
sgfr-002092,test
sgfr-004557,test
sgfr-004806,test
sgfr-005496,test
sgfr-004109,test
sgfr-001027,test
sgfr-002466,test
sgfr-002741,test
sgfr-001271,test
sgfr-001541,test
sgfr-002617,test
sgfr-004242,test
sgfr-001284,test
sgfr-001107,test
sgfr-005009,test
sgfr-000129,test
sgfr-001864,test
sgfr-001387,test
sgfr-001602,test
sgfr-004799,test
sgfr-005174,test
sgfr-001181,test
sgfr-000059,test
sgfr-004760,test
sgfr-000865,test
sgfr-002700,test
sgfr-004008,test
sgfr-003048,test
sgfr-003879,test
sgfr-002695,test
sgfr-000107,test
sgfr-005118,test
sgfr-004093,test
sgfr-004490,test
sgfr-000461,test
sgfr-001546,test
sgfr-003546,test
sgfr-000822,test
sgfr-002399,test
sgfr-003414,test
sgfr-003379,test
sgfr-004459,test
sgfr-003926,test
sgfr-000480,test
sgfr-002037,test
sgfr-001255,test
sgfr-001926,test
sgfr-003490,test
sgfr-003031,test
sgfr-002238,test
sgfr-002379,test
sgfr-001235,test
sgfr-001734,test
sgfr-004440,test
sgfr-000642,test
sgfr-001540,test
sgfr-004932,test
sgfr-002203,test
sgfr-001030,test
sgfr-003402,test
sgfr-002340,test
sgfr-003698,test
sgfr-002804,test
sgfr-003336,test
sgfr-003565,test
sgfr-002505,test
sgfr-003066,test
sgfr-003622,test
sgfr-002120,test
sgfr-002218,test
sgfr-001960,test
sgfr-002792,test
sgfr-001643,test
sgfr-003854,test
sgfr-001825,test
sgfr-004482,test
sgfr-002902,test
sgfr-002410,test
sgfr-005387,test
sgfr-003080,test
sgfr-001934,test
sgfr-004640,test
sgfr-002033,test
sgfr-001651,test
sgfr-003117,test
sgfr-004554,test
sgfr-000914,test
sgfr-003057,test
sgfr-002607,test
sgfr-005392,test
sgfr-002997,test
sgfr-005059,test
sgfr-003512,test
sgfr-000966,test
sgfr-002511,test
sgfr-004728,test
sgfr-004491,test
sgfr-003961,test
sgfr-004891,test
sgfr-004123,test
sgfr-000809,test
sgfr-000668,test
sgfr-002939,test
sgfr-004419,test
sgfr-004828,test
sgfr-002292,test
sgfr-004956,test
sgfr-001649,test
sgfr-001479,test
sgfr-001072,test
sgfr-002879,test
sgfr-002237,test
sgfr-004481,test
sgfr-001531,test
sgfr-002969,test
sgfr-000296,test
sgfr-005153,test
sgfr-004073,test
sgfr-003263,test
sgfr-003642,test
sgfr-003559,test
sgfr-003597,test
sgfr-001391,test
sgfr-004615,test
sgfr-001496,test
sgfr-002599,test
sgfr-004082,test
sgfr-005483,test
sgfr-003092,test
sgfr-005405,test
sgfr-003694,test
sgfr-000315,test
sgfr-004750,test
sgfr-003382,test
sgfr-003283,test
sgfr-000281,test
sgfr-001809,test
sgfr-003572,test
sgfr-005408,test
sgfr-005077,test
sgfr-000561,test
sgfr-003779,test
sgfr-002012,test
sgfr-002309,test
sgfr-003395,test
sgfr-004939,test
sgfr-001468,test
sgfr-003803,test
sgfr-001283,test
sgfr-003422,test
sgfr-003849,test
sgfr-002457,test
sgfr-003553,test
sgfr-003771,test
sgfr-002751,test
sgfr-001301,test
sgfr-000996,test
sgfr-003940,test
sgfr-003707,test
sgfr-005155,test
sgfr-003556,test
sgfr-004000,test
sgfr-004030,test
sgfr-005021,test
sgfr-001066,test
sgfr-001303,test
sgfr-005292,test
sgfr-002045,test
sgfr-003540,test
sgfr-000402,test
sgfr-001636,test
sgfr-001557,test
sgfr-000282,test
sgfr-003677,test
sgfr-003118,test
sgfr-003683,test
sgfr-004480,test
sgfr-003845,test
sgfr-003545,test
sgfr-000200,test
sgfr-004670,test
sgfr-005380,test
sgfr-002594,test
sgfr-000985,test
sgfr-004282,test
sgfr-003371,test
sgfr-001290,test
sgfr-003296,test
sgfr-001286,test
sgfr-005352,test
sgfr-000279,test
sgfr-001575,test
sgfr-001231,test
sgfr-001204,test
sgfr-002970,test
sgfr-000179,test
sgfr-002362,test
sgfr-001001,test
sgfr-000422,test
sgfr-004922,test
sgfr-003043,test
sgfr-003796,test
sgfr-001908,test
sgfr-000868,test
sgfr-005185,test
sgfr-000931,test
sgfr-004278,test
sgfr-001248,test
sgfr-000748,test
sgfr-004070,test
sgfr-000573,test
sgfr-001863,test
sgfr-003781,test
sgfr-004489,test
sgfr-002483,test
sgfr-001519,test
sgfr-005205,test
sgfr-003973,test
sgfr-002717,test
sgfr-000090,test
sgfr-004636,test
sgfr-001056,test
sgfr-004390,test
sgfr-001774,test
sgfr-004262,test
sgfr-000807,test
sgfr-000360,test
sgfr-002275,test
sgfr-001293,test
sgfr-002998,test
sgfr-002626,test
sgfr-003396,test
sgfr-005158,test
sgfr-001384,test
sgfr-000804,test
sgfr-001200,test
sgfr-002438,test
sgfr-000140,test
sgfr-003318,test
sgfr-000858,test
sgfr-004838,test
sgfr-003617,test
sgfr-000795,test
sgfr-001970,test
sgfr-001079,test
sgfr-004686,test
sgfr-001536,test
sgfr-002206,test
sgfr-001969,test
sgfr-004164,test
sgfr-005033,test
sgfr-003595,test
sgfr-004279,test
sgfr-002668,test
sgfr-000319,test
sgfr-003108,test
sgfr-001460,test
sgfr-004924,test
sgfr-003801,test
sgfr-003105,test
sgfr-000155,test
sgfr-005466,test
sgfr-000799,test
sgfr-004903,test
sgfr-002837,test
sgfr-004007,test
sgfr-000562,test
sgfr-000706,test
sgfr-004355,test
sgfr-000176,test
sgfr-004594,test
sgfr-004113,test
sgfr-002497,test
sgfr-005272,test
sgfr-004601,test
sgfr-001904,test
sgfr-002521,test
sgfr-003669,test
sgfr-000890,test
sgfr-002570,test
sgfr-001516,test
sgfr-005006,test
sgfr-002422,test
sgfr-000400,test
sgfr-003632,test
sgfr-002670,test
sgfr-000142,test
sgfr-000079,test
sgfr-000457,test
sgfr-003487,test
sgfr-000637,test
sgfr-002595,test
sgfr-002605,test
sgfr-001803,test
sgfr-000050,test
sgfr-004122,test
sgfr-000689,test
sgfr-000264,test
sgfr-001759,test
sgfr-001975,test
sgfr-005168,test
sgfr-000489,test
sgfr-000833,test
sgfr-003793,test
sgfr-000591,test
sgfr-003887,test
sgfr-003858,test
sgfr-002420,test
sgfr-003246,test
sgfr-000420,test
sgfr-005318,test
sgfr-002195,test
sgfr-003039,test
sgfr-000399,test
sgfr-000062,test
sgfr-001875,test
sgfr-005024,test
sgfr-003440,test
sgfr-003715,test
sgfr-003230,test
sgfr-004055,test
sgfr-001708,test
sgfr-001385,test
sgfr-005287,test
sgfr-004266,test
sgfr-001063,test
sgfr-001186,test
sgfr-004116,test
sgfr-002482,test
sgfr-000886,test
sgfr-000779,test
sgfr-000650,test
sgfr-001699,test
sgfr-001890,test
sgfr-003676,test
sgfr-000669,test
sgfr-001226,test
sgfr-004245,test
sgfr-001392,test
sgfr-000096,test
sgfr-003484,test
sgfr-003790,test
sgfr-000791,test
sgfr-004210,test
sgfr-000163,test
sgfr-003163,test
sgfr-005110,test
sgfr-003323,test
sgfr-005106,test
sgfr-003984,test
sgfr-000415,test
sgfr-004471,test
sgfr-003942,test
sgfr-003784,test
sgfr-004432,test
sgfr-005224,test
sgfr-002500,test
sgfr-000623,test
sgfr-002093,test
sgfr-000229,test
sgfr-001456,test
sgfr-004831,test
sgfr-001173,test
sgfr-003335,test
sgfr-004991,test
sgfr-004379,test
sgfr-002446,test
sgfr-000334,test
sgfr-003389,test
sgfr-003743,test
sgfr-004024,test
sgfr-000543,test
sgfr-002030,test
sgfr-001117,test
sgfr-004529,test
sgfr-001978,test
sgfr-004995,test
sgfr-004427,test
sgfr-000247,test
sgfr-004619,test
sgfr-002913,test
sgfr-000718,test
sgfr-004483,test
sgfr-000927,test
sgfr-000881,test
sgfr-004229,test
sgfr-004200,test
sgfr-003462,test
sgfr-002076,test
sgfr-003333,test
sgfr-000930,test
sgfr-002642,test
sgfr-000606,test
sgfr-000108,test
sgfr-004625,test
sgfr-001105,test
sgfr-002984,test
sgfr-001039,test
sgfr-000911,test
sgfr-002885,test
sgfr-003028,test
sgfr-002613,test
sgfr-002179,test
sgfr-001598,test
sgfr-000297,test
sgfr-004473,test
sgfr-000594,test
sgfr-003982,test
sgfr-003002,test
sgfr-000435,test
sgfr-000800,test
sgfr-003852,test
sgfr-004928,test
sgfr-002375,test
sgfr-000686,test
sgfr-003472,test
sgfr-004499,test
sgfr-000513,test
sgfr-000145,test
sgfr-002720,test
sgfr-001512,test
sgfr-002060,test
sgfr-004574,test
sgfr-002549,test
sgfr-005053,test
sgfr-004368,test
sgfr-001800,test
sgfr-003752,test
sgfr-005562,test
sgfr-003298,test
sgfr-000099,test
sgfr-000469,test
sgfr-004902,test
sgfr-000714,test
sgfr-004575,test
sgfr-005014,test
sgfr-000867,test
sgfr-001382,test
sgfr-003062,test
sgfr-002080,test
sgfr-003532,test
sgfr-001595,test
sgfr-004167,test
sgfr-004089,test
sgfr-002921,test
sgfr-001436,test
sgfr-003866,test
sgfr-002512,test
sgfr-005486,test
sgfr-005353,test
sgfr-001723,test
sgfr-001604,test
sgfr-002553,test
sgfr-000665,test
sgfr-000295,test
sgfr-003723,test
sgfr-004654,test
sgfr-001645,test
sgfr-002424,test
sgfr-002188,test
sgfr-003322,test
sgfr-003520,test
sgfr-003964,test
sgfr-002709,test
sgfr-003331,test
sgfr-005127,test
sgfr-002910,test
sgfr-005325,test
sgfr-000271,test
sgfr-005397,test
sgfr-002773,test
sgfr-002298,test
sgfr-000495,test
sgfr-002069,test
sgfr-003611,test
sgfr-002685,test
sgfr-000006,test
sgfr-000505,test
sgfr-000824,test
sgfr-001381,test
sgfr-004125,test
sgfr-000742,test
sgfr-000241,test
sgfr-005304,test
sgfr-002578,test
sgfr-004649,test
sgfr-000187,test
sgfr-000638,test
sgfr-005517,test
sgfr-002301,test
sgfr-001058,test
sgfr-002286,test
sgfr-001514,test
sgfr-001770,test
sgfr-003215,test
sgfr-000974,test
sgfr-004621,test
sgfr-004682,test
sgfr-005441,test
sgfr-002031,test
sgfr-003911,test
sgfr-004053,test
sgfr-001628,test
sgfr-003513,test
sgfr-003131,test
sgfr-003346,test
sgfr-002268,test
sgfr-000313,test
sgfr-002624,test
sgfr-004152,test
